,1,2,3,4,5,6,7,8,9,10,11,12,13,14,15,16,17,18,19,20,21,22,23,24,25,26,27,28,29,30,31,32,33,34,35,36,37,38,39,40,41,42,43,44,45,46,47,48,49,50,51,52,53,54,55,56,57,58,59,60,61,62,63,64,65,66,67,68,69,70,71,72,73,74,75,76,77,78,79,80,81,82,83,84,85,86,87,88,89,90,91,92,93,94,95,96,97,98,99,100,101,102,103,104,105,106,107,108,109,110,111,112,113,114,115,116,117,118,119,120,121,122,123,124,125,126,127,128,129,130,131,132
0,      'CASE',      'RAD?',        'CM',      'MACH',        'RE',       'ALT',         'Q',      'BETA',       'PHI',      'SREF',       'XCG',      'XMRP',      'LREF',    'LATREF',  'DEFL_1_1',  'DEFL_1_2',  'DEFL_1_3',  'DEFL_1_4',  'DEFL_2_1',  'DEFL_2_2',  'DEFL_2_3',  'DEFL_2_4',     'ALPHA',        'CN',        'CM',        'CA',     'CA_0B',     'CA_FB',        'CY',       'CLN',       'CLL',        'CL',        'CD',     'CL/CD',    'X-C.P.',       'CNA',       'CMA',       'CYB',      'CLNB',      'CLLB',       'CNQ',       'CMQ',       'CAQ',      'CNAD',      'CMAD',       'CYQ',      'CLNQ',      'CLLQ',       'CYR',      'CLNR',      'CLLR',       'CYP',      'CLNP',      'CLLP',       'CNP',       'CMP',       'CAP',       'CNR',       'CMR',       'CAR',     'BA_CN',     'BA_CM',     'BA_CA',     'BA_CY',    'BA_CLN',    'BA_CLL',     'BA_CL',     'BA_CD',  'BA_CL/CD', 'BA_X-C.P.',    'BA_CNA',    'BA_CMA',    'BA_CYB',   'BA_CLNB',   'BA_CLLB',    'BA_CNQ',    'BA_CMQ',    'BA_CAQ',   'BA_CNAD',   'BA_CMAD',    'BA_CYQ',   'BA_CLNQ',   'BA_CLLQ',    'BA_CYR',   'BA_CLNR',   'BA_CLLR',    'BA_CYP',   'BA_CLNP',   'BA_CLLP',    'BA_CNP',    'BA_CMP',    'BA_CAP',    'BA_CNR',    'BA_CMR',    'BA_CAR',    'B+1_CN',    'B+1_CM',    'B+1_CA',    'B+1_CY',   'B+1_CLN',   'B+1_CLL',    'B+1_CL',    'B+1_CD', 'B+1_CL/CD','B+1_X-C.P.',   'B+1_CNA',   'B+1_CMA',   'B+1_CYB',  'B+1_CLNB',  'B+1_CLLB',   'B+1_CNQ',   'B+1_CMQ',   'B+1_CAQ',  'B+1_CNAD',  'B+1_CMAD',   'B+1_CYQ',  'B+1_CLNQ',  'B+1_CLLQ',   'B+1_CYR',  'B+1_CLNR',  'B+1_CLLR',   'B+1_CYP',  'B+1_CLNP',  'B+1_CLLP',   'B+1_CNP',   'B+1_CMP',   'B+1_CAP',   'B+1_CNR',   'B+1_CMR',   'B+1_CAR',,
1,1,1,0.1272,0.4,8.90E+06,400,10820.5488,0,0,0.7519,3.2,0.4863,6.58,6.58,0,0,0,0,-20,-20,20,20,-30,-3.889,0.1272,0.2313,0.2313,0.441,0,0,0,-3.2524,2.1448,-1.5164,-0.0327,7.2896,-0.1473,-6.8988,-0.0191,0.0273,6.0512,-0.8498,-0.6813,3.1052,-0.2067,0,0,0,2.3978,-0.6033,-0.0524,0.1116,-0.0474,-0.0539,0.0039,-0.0014,-0.0033,-0.1142,0.0121,0.0211,-1.965,0.0373,0.0013,0,0,0,-1.7011,0.9836,-1.7295,-0.019,4.6485,-0.2562,-3.4044,0.0647,0,2.7391,-0.4668,0,2.8954,-0.1856,0,0,0,2.6953,-0.4668,0,0,0,0,0,0,0,0,0,0,-3.2739,-0.0096,0.0128,0,0,0,-2.8289,1.648,-1.7165,0.0029,7.5017,-0.1831,-6.8821,-0.0264,0.0287,4.0962,-0.4136,0,3.0402,-0.1915,0,0,0,1.9327,-0.4862,-0.0199,-0.0592,0.0002,-0.0288,-0.0056,-0.0002,0,-0.0537,-0.0019,0,,
2,1,1,0.115,0.4,8.90E+06,400,10820.5488,0,0,0.7519,3.2,0.4863,6.58,6.58,0,0,0,0,-20,-20,20,20,-25,-3.2474,0.115,0.2503,0.2503,0.4688,0,0,0,-2.8374,1.5993,-1.7742,-0.0354,7.4142,-0.1315,-6.7056,-0.1105,0.0219,4.7992,-0.7379,-0.4705,3.1052,-0.2067,0,0,0,1.9913,-0.5009,-0.0318,-0.1098,0.0093,-0.0361,-0.004,-0.0002,-0.0003,-0.1158,0.0146,0.0254,-1.5677,0.0176,0.0156,0,0,0,-1.4142,0.6766,-2.0901,-0.0112,4.4577,-0.195,-3.3629,0.0378,0,2.7391,-0.4668,0,2.8954,-0.1856,0,0,0,2.6953,-0.4668,0,0,0,0,0,0,0,0,0,0,-2.6258,-0.0225,0.0271,0,0,0,-2.3683,1.1343,-2.088,0.0086,7.3532,-0.1132,-6.9442,-0.0632,0.0202,3.4641,-0.4342,0,3.0402,-0.1915,0,0,0,1.96,-0.4871,-0.0183,-0.049,0,-0.0259,-0.0047,-0.0001,0,-0.0437,-0.0016,0,,
3,1,1,0.1042,0.4,8.90E+06,400,10820.5488,0,0,0.7519,3.2,0.4863,6.58,6.58,0,0,0,0,-20,-20,20,20,-20,-2.595,0.1042,0.2622,0.2622,0.4876,0,0,0,-2.3488,1.1339,-2.0715,-0.0402,7.2595,-0.0751,-6.5196,-0.1663,0.0157,3.9249,-0.6787,-0.3506,3.1052,-0.2067,0,0,0,1.9731,-0.489,-0.0273,-0.0813,0.0098,-0.0286,-0.0058,0.0001,0.0004,-0.1108,0.0156,0.0271,-1.187,0.0032,0.0308,0,0,0,-1.1049,0.4349,-2.5405,-0.0027,4.2131,-0.1326,-3.2626,0.0091,0,2.7391,-0.4668,0,2.8954,-0.1856,0,0,0,2.6953,-0.4668,0,0,0,0,0,0,0,0,0,0,-1.9905,-0.0294,0.0423,0,0,0,-1.856,0.7206,-2.5757,0.0148,7.1154,-0.042,-6.8368,-0.1021,0.0145,2.9427,-0.4532,0,3.0402,-0.1915,0,0,0,1.9983,-0.4882,-0.015,-0.0279,0.0003,-0.023,-0.0046,-0.0001,0,-0.0347,-0.0013,0,,
4,1,1,0.1019,0.4,8.90E+06,400,10820.5488,0,0,0.7519,3.2,0.4863,6.58,6.58,0,0,0,0,-20,-20,20,20,-15,-1.9804,0.1019,0.276,0.276,0.5067,0,0,0,-1.8415,0.7791,-2.3635,-0.0515,6.6813,0.0189,-6.2161,-0.1805,0.0035,3.2362,-0.6216,-0.2378,3.1052,-0.2067,0,0,0,2.0114,-0.4825,-0.0262,-0.0297,-0.0009,-0.0212,-0.0051,0.0001,0.0004,-0.1024,0.0161,0.0278,-0.8323,-0.0055,0.0445,0,0,0,-0.7924,0.2584,-3.0662,0.0067,3.8677,-0.0691,-3.1082,-0.0205,0,2.7391,-0.4668,0,2.8954,-0.1856,0,0,0,2.6953,-0.4668,0,0,0,0,0,0,0,0,0,0,-1.3839,-0.0299,0.0561,0,0,0,-1.3222,0.4123,-3.2065,0.0216,6.6427,0.0282,-6.432,-0.1366,0.0044,2.5788,-0.4687,0,3.0402,-0.1915,0,0,0,2.0712,-0.4885,-0.0118,-0.0286,-0.0004,-0.0195,-0.0039,-0.0001,0,-0.0255,-0.001,0,,
5,1,1,0.1075,0.4,8.90E+06,400,10820.5488,0,0,0.7519,3.2,0.4863,6.58,6.58,0,0,0,0,-20,-20,20,20,-10,-1.4288,0.1075,0.2897,0.2897,0.5238,0,0,0,-1.3568,0.5334,-2.5439,-0.0752,5.9316,0.0751,-5.5353,-0.1754,0.003,2.8292,-0.5792,-0.1541,3.1052,-0.2067,0,0,0,2.1546,-0.4868,-0.0239,0.0084,-0.0052,-0.0163,-0.0008,-0.0006,-0.0008,-0.0908,0.0158,0.0273,-0.5119,-0.0088,0.055,0,0,0,-0.4946,0.143,-3.4584,0.0172,3.4357,-0.0073,-2.9061,-0.0497,0,2.7391,-0.4668,0,2.8954,-0.1856,0,0,0,2.6953,-0.4668,0,0,0,0,0,0,0,0,0,0,-0.8311,-0.0244,0.0665,0,0,0,-0.807,0.2098,-3.846,0.0294,5.8668,0.0909,-5.6306,-0.1594,0.001,2.4087,-0.4787,0,3.0402,-0.1915,0,0,0,2.1934,-0.4869,-0.0071,-0.0118,-0.0002,-0.015,-0.003,-0.0001,0,-0.0163,-0.0007,0,,
6,1,1,0.115,0.4,8.90E+06,400,10820.5488,0,0,0.7519,3.2,0.4863,6.58,6.58,0,0,0,0,-20,-20,20,20,-5,-0.9451,0.115,0.2936,0.2936,0.5294,0,0,0,-0.9159,0.3749,-2.4433,-0.1217,5.252,0.0288,-5.0158,-0.072,0.0004,2.8098,-0.578,-0.1472,3.1052,-0.2067,0,0,0,2.5305,-0.5345,-0.0199,0.0029,-0.0041,-0.0176,0.0055,-0.0018,-0.0029,-0.0645,0.0119,0.0207,-0.2327,-0.0068,0.0611,0,0,0,-0.2265,0.0811,-2.7923,0.0293,2.933,0.0505,-2.6651,-0.0774,0,2.7391,-0.4668,0,2.8954,-0.1856,0,0,0,2.6953,-0.4668,0,0,0,0,0,0,0,0,0,0,-0.3599,-0.014,0.0726,0,0,0,-0.3522,0.1037,-3.3963,0.0389,4.7614,0.1401,-4.586,-0.1713,-0.0006,2.4128,-0.4824,0,3.0402,-0.1915,0,0,0,2.3411,-0.4841,-0.0028,-0.0022,-0.0001,-0.0102,-0.0023,-0.0001,0,-0.0088,-0.0004,0,,
7,1,1,0.1125,0.4,8.90E+06,400,10820.5488,0,0,0.7519,3.2,0.4863,6.58,6.58,0,0,0,0,-20,-20,20,20,0,-0.5122,0.1125,0.2696,0.2696,0.5052,0,0,0,-0.5122,0.2696,-1.8994,-0.2197,5.1805,-0.0756,-4.8518,0.0928,0,2.9725,-0.5836,-0.1612,3.1052,-0.2067,0,0,0,2.9866,-0.5965,-0.0143,0,-0.005,-0.018,0.0015,-0.0003,-0.0005,-0.058,0.0127,0.0216,0,0,0.0629,0,0,0,0,0.0629,0,0.0293,2.6662,0.0781,-2.6235,-0.0826,0,2.7391,-0.4668,0,2.8954,-0.1856,0,0,0,2.6953,-0.4668,0,0,0,0,0,0,0,0,0,0,0,0,0.0745,0,0,0,0,0.0745,0,0.0389,4.1237,0.1604,-3.7311,-0.1576,0,2.5404,-0.4813,0,3.0402,-0.1915,0,0,0,2.4966,-0.4813,0,0,0,-0.0056,0,0,0,0,0,0,,
8,1,1,0.1018,0.4,8.90E+06,400,10820.5488,0,0,0.7519,3.2,0.4863,6.58,6.58,0,0,0,0,-20,-20,20,20,5,-0.0409,0.1018,0.2252,0.2252,0.461,0,0,0,-0.0604,0.2208,-0.2735,-2.4885,6.0105,-0.1336,-6.0643,0.156,0.0008,2.8511,-0.5806,-0.1573,3.1052,-0.2067,0,0,0,2.9901,-0.6313,-0.0062,0.0035,-0.008,-0.0299,0.0029,0,-0.0002,-0.0417,0.0114,0.0187,0.2327,0.0068,0.0611,0,0,0,0.2265,0.0811,2.7923,0.0293,2.933,0.0505,-2.6651,-0.0774,0,2.7391,-0.4668,0,2.8954,-0.1856,0,0,0,2.6953,-0.4668,0,0,0,0,0,0,0,0,0,0,0.3599,0.014,0.0726,0,0,0,0.3522,0.1037,3.3963,0.0389,4.7614,0.1401,-4.586,-0.1713,0.0006,2.4267,-0.4818,0,3.0402,-0.1915,0,0,0,2.3411,-0.4841,0.0028,0.0022,0.0001,-0.0102,0.0023,0.0001,0,0.0088,0.0004,0,,
9,1,1,0.0892,0.4,8.90E+06,400,10820.5488,0,0,0.7519,3.2,0.4863,6.58,6.58,0,0,0,0,-20,-20,20,20,10,0.537,0.0892,0.1784,0.1784,0.4126,0,0,0,0.4978,0.2689,1.8511,0.1662,6.9633,-0.1433,-7.4199,0.2298,-0.0122,2.8875,-0.5813,-0.1673,3.1052,-0.2067,0,0,0,2.9167,-0.6465,0.0058,0.0121,-0.0104,-0.0421,0.003,0.0005,0,-0.0209,0.0087,0.0136,0.5119,0.0088,0.055,0,0,0,0.4946,0.143,3.4584,0.0172,3.4357,-0.0073,-2.9061,-0.0497,0,2.7391,-0.4668,0,2.8954,-0.1856,0,0,0,2.6953,-0.4668,0,0,0,0,0,0,0,0,0,0,0.8311,0.0244,0.0665,0,0,0,0.807,0.2098,3.846,0.0294,5.8668,0.0909,-5.6306,-0.1594,-0.001,2.4311,-0.4777,0,3.0402,-0.1915,0,0,0,2.1934,-0.4869,0.0071,0.0118,0.0002,-0.015,0.003,0.0001,0,0.0163,0.0007,0,,
10,1,1,0.0768,0.4,8.90E+06,400,10820.5488,0,0,0.7519,3.2,0.4863,6.58,6.58,0,0,0,0,-20,-20,20,20,15,1.1745,0.0768,0.1359,0.1359,0.3667,0,0,0,1.0993,0.4353,2.5254,0.0654,7.41,-0.129,-8.1503,0.2312,-0.0264,3.0237,-0.559,-0.1491,3.1052,-0.2067,0,0,0,2.7331,-0.6309,0.0186,0.0081,-0.0061,-0.0485,0.0009,0.0019,0.0011,-0.0069,0.0083,0.0117,0.8323,0.0055,0.0445,0,0,0,0.7924,0.2584,3.0662,0.0067,3.8677,-0.0691,-3.1082,-0.0205,0,2.7391,-0.4668,0,2.8954,-0.1856,0,0,0,2.6953,-0.4668,0,0,0,0,0,0,0,0,0,0,1.3839,0.0299,0.0561,0,0,0,1.3222,0.4123,3.2065,0.0216,6.6427,0.0282,-6.432,-0.1366,-0.0044,2.6116,-0.4673,0,3.0402,-0.1915,0,0,0,2.0712,-0.4885,0.0118,0.0286,0.0004,-0.0195,0.0039,0.0001,0,0.0255,0.001,0,,
11,1,1,0.0667,0.4,8.90E+06,400,10820.5488,0,0,0.7519,3.2,0.4863,6.58,6.58,0,0,0,0,-20,-20,20,20,20,1.8303,0.0667,0.1036,0.1036,0.3291,0,0,0,1.6844,0.7234,2.3286,0.0364,7.484,-0.1061,-8.4189,0.2314,-0.0466,3.3845,-0.5369,-0.1416,3.1052,-0.2067,0,0,0,2.6192,-0.619,0.0283,-0.0264,0.0008,-0.0524,0.0013,0.003,0.0011,0.0095,0.0072,0.009,1.187,-0.0032,0.0308,0,0,0,1.1049,0.4349,2.5405,-0.0027,4.2131,-0.1326,-3.2626,0.0091,0,2.7391,-0.4668,0,2.8954,-0.1856,0,0,0,2.6953,-0.4668,0,0,0,0,0,0,0,0,0,0,1.9905,0.0294,0.0423,0,0,0,1.856,0.7206,2.5757,0.0148,7.1154,-0.042,-6.8368,-0.1021,-0.0145,2.9879,-0.4512,0,3.0402,-0.1915,0,0,0,1.9983,-0.4882,0.015,0.0279,-0.0003,-0.023,0.0046,0.0001,0,0.0347,0.0013,0,,
12,1,1,0.0583,0.4,8.90E+06,400,10820.5488,0,0,0.7519,3.2,0.4863,6.58,6.58,0,0,0,0,-20,-20,20,20,25,2.4807,0.0583,0.0823,0.0823,0.3008,0,0,0,2.2135,1.123,1.971,0.0235,7.2892,-0.0731,-8.2724,0.2191,-0.0428,3.9743,-0.5258,-0.1595,3.1052,-0.2067,0,0,0,2.5915,-0.6186,0.0368,0.0066,-0.0021,-0.0571,0.0143,0.0015,-0.0034,0.0424,0.0021,0.0005,1.5677,-0.0176,0.0156,0,0,0,1.4142,0.6766,2.0901,-0.0112,4.4577,-0.195,-3.363,0.0378,0,2.7391,-0.4668,0,2.8954,-0.1856,0,0,0,2.6953,-0.4668,0,0,0,0,0,0,0,0,0,0,2.6258,0.0225,0.0271,0,0,0,2.3683,1.1343,2.088,0.0086,7.3532,-0.1132,-6.9442,-0.0632,-0.0202,3.5217,-0.4317,0,3.0402,-0.1915,0,0,0,1.96,-0.4871,0.0183,0.049,0,-0.0259,0.0047,0.0001,0,0.0437,0.0016,0,,
13,1,1,0.054,0.4,8.90E+06,400,10820.5488,0,0,0.7519,3.2,0.4863,6.58,6.58,0,0,0,0,-20,-20,20,20,30,3.1025,0.054,0.0767,0.0767,0.2864,0,0,0,2.6485,1.6176,1.6373,0.0174,6.9618,-0.0262,-7.68,0.1502,-0.0269,4.6427,-0.5026,-0.1647,3.1052,-0.2067,0,0,0,2.4731,-0.5998,0.0365,0.1347,-0.0273,-0.0589,0.0167,0.0034,-0.0039,0.0591,0.001,-0.0019,1.965,-0.0373,0.0013,0,0,0,1.7011,0.9836,1.7295,-0.019,4.6485,-0.2562,-3.4044,0.0647,0,2.7391,-0.4668,0,2.8954,-0.1856,0,0,0,2.6953,-0.4668,0,0,0,0,0,0,0,0,0,0,3.2739,0.0096,0.0128,0,0,0,2.8289,1.648,1.7165,0.0029,7.5017,-0.1831,-6.8822,-0.0264,-0.0287,4.1702,-0.4106,0,3.0402,-0.1915,0,0,0,1.9327,-0.4862,0.0199,0.0592,-0.0002,-0.0288,0.0056,0.0002,0,0.0537,0.0019,0,,
14,1,1,0.1887,0.8,1.70E+07,1000,40265.5703,0,0,0.7519,3.2,0.4863,6.58,6.58,0,0,0,0,-20,-20,20,20,-30,-4.2485,0.1887,0.5247,0.5247,0.7479,0,0,0,-3.417,2.5787,-1.3251,-0.0444,8.6168,-0.2621,-8.1801,0.1929,0.042,6.1942,-1.1535,-0.7624,3.1123,-0.2972,0,0,0,2.3693,-0.8277,-0.0572,0.2019,-0.0688,-0.0524,0.0069,-0.001,-0.0044,-0.1086,0.0131,0.0206,-2.2821,0.0637,0.2687,0,0,0,-1.842,1.3738,-1.3409,-0.0279,6.5956,-0.4183,-3.9544,0.1104,0,2.7477,-0.6951,0,2.9026,-0.2762,0,0,0,2.6998,-0.6951,0,0,0,0,0,0,0,0,0,0,-3.5536,0.0311,0.2788,0,0,0,-2.9381,2.0182,-1.4558,-0.0087,9.2089,-0.3834,-7.5829,0.0514,0.0369,4.0075,-0.6583,0,3.0474,-0.282,0,0,0,1.9048,-0.7072,-0.019,-0.0678,0.0011,-0.0283,-0.0059,-0.0001,0,-0.0496,-0.0012,0,,
15,1,1,0.1669,0.8,1.70E+07,1000,40265.5703,0,0,0.7519,3.2,0.4863,6.58,6.58,0,0,0,0,-20,-20,20,20,-25,-3.5056,0.1669,0.5645,0.5645,0.7973,0,0,0,-2.9386,1.9932,-1.4743,-0.0476,8.4092,-0.2364,-8.1666,0.1592,0.0247,5.0885,-1.0602,-0.5981,3.1123,-0.2972,0,0,0,2.1225,-0.7664,-0.0454,0.0498,-0.0299,-0.0421,-0.0003,-0.0001,-0.0017,-0.1283,0.0189,0.0308,-1.7393,0.0319,0.2943,0,0,0,-1.452,1.0018,-1.4494,-0.0183,5.8451,-0.3105,-3.7318,0.0685,0,2.7477,-0.6951,0,2.9026,-0.2762,0,0,0,2.6998,-0.6951,0,0,0,0,0,0,0,0,0,0,-2.7779,0.0028,0.3044,0,0,0,-2.389,1.4499,-1.6477,-0.001,8.568,-0.2649,-7.4814,-0.0006,0.0236,3.3921,-0.6718,0,3.0474,-0.282,0,0,0,1.9213,-0.709,-0.0181,-0.0581,0.0006,-0.026,-0.0051,-0.0001,0,-0.041,-0.0011,0,,
16,1,1,0.1474,0.8,1.70E+07,1000,40265.5703,0,0,0.7519,3.2,0.4863,6.58,6.58,0,0,0,0,-20,-20,20,20,-20,-2.7808,0.1474,0.5881,0.5881,0.8285,0,0,0,-2.412,1.5037,-1.604,-0.053,8.0232,-0.1884,-7.7615,0.1056,0.0135,4.2806,-1.0014,-0.4902,3.1123,-0.2972,0,0,0,2.1436,-0.7575,-0.0381,-0.0109,-0.0105,-0.0377,-0.0028,0.0001,-0.0007,-0.1278,0.0205,0.0339,-1.2619,0.0095,0.3163,0,0,0,-1.0776,0.7289,-1.4785,-0.0075,5.0774,-0.2045,-3.4693,0.0263,0,2.7477,-0.6951,0,2.9026,-0.2762,0,0,0,2.6998,-0.6951,0,0,0,0,0,0,0,0,0,0,-2.0581,-0.0152,0.3265,0,0,0,-1.8223,1.0107,-1.803,0.0074,7.8665,-0.1478,-7.0884,-0.0505,0.0156,2.9075,-0.6845,0,3.0474,-0.282,0,0,0,1.9799,-0.7102,-0.0151,-0.0341,0.0005,-0.0228,-0.0046,-0.0001,0,-0.0327,-0.0009,0,,
17,1,1,0.1341,0.8,1.70E+07,1000,40265.5703,0,0,0.7519,3.2,0.4863,6.58,6.58,0,0,0,0,-20,-20,20,20,-15,-2.1053,0.1341,0.6014,0.6014,0.8476,0,0,0,-1.8779,1.1258,-1.6681,-0.0637,7.2927,-0.1097,-7.0182,0.0219,0.0077,3.6081,-0.94,-0.3791,3.1123,-0.2972,0,0,0,2.2391,-0.7616,-0.0326,-0.0378,-0.0034,-0.033,-0.0045,0.0004,0.0002,-0.1171,0.0201,0.0336,-0.8531,-0.0038,0.3342,0,0,0,-0.7375,0.5437,-1.3566,0.0045,4.264,-0.1021,-3.1864,-0.014,0,2.7477,-0.6951,0,2.9026,-0.2762,0,0,0,2.6998,-0.6951,0,0,0,0,0,0,0,0,0,0,-1.4049,-0.023,0.3444,0,0,0,-1.2679,0.6963,-1.821,0.0164,6.9819,-0.0347,-6.5087,-0.0979,0.0051,2.5603,-0.6962,0,3.0474,-0.282,0,0,0,2.0584,-0.7112,-0.0118,-0.0287,-0.0001,-0.0193,-0.0039,-0.0001,0,-0.0242,-0.0007,0,,
18,1,1,0.1283,0.8,1.70E+07,1000,40265.5703,0,0,0.7519,3.2,0.4863,6.58,6.58,0,0,0,0,-20,-20,20,20,-10,-1.508,0.1283,0.6062,0.6062,0.8563,0,0,0,-1.3798,0.8588,-1.6066,-0.0851,6.4163,-0.0472,-6.1658,-0.0132,0.0065,3.1163,-0.8737,-0.2634,3.1123,-0.2972,0,0,0,2.38,-0.7655,-0.0276,0.0002,-0.0071,-0.0261,-0.0028,0,-0.0001,-0.104,0.0192,0.0323,-0.5177,-0.0083,0.3474,0,0,0,-0.4495,0.4321,-1.0403,0.0161,3.5505,-0.0168,-2.9392,-0.047,0,2.7477,-0.6951,0,2.9026,-0.2762,0,0,0,2.6998,-0.6951,0,0,0,0,0,0,0,0,0,0,-0.8395,-0.0212,0.3576,0,0,0,-0.7646,0.4979,-1.5356,0.0253,5.9701,0.0576,-5.6663,-0.1313,0.0013,2.3977,-0.7046,0,3.0474,-0.282,0,0,0,2.1812,-0.7112,-0.0071,-0.0117,-0.0001,-0.015,-0.003,-0.0001,0,-0.0157,-0.0005,0,,
19,1,1,0.1258,0.8,1.70E+07,1000,40265.5703,0,0,0.7519,3.2,0.4863,6.58,6.58,0,0,0,0,-20,-20,20,20,-5,-0.9854,0.1258,0.6,0.6,0.852,0,0,0,-0.9293,0.6836,-1.3595,-0.1277,5.5166,-0.0409,-5.3631,0.0178,-0.0001,2.9471,-0.8377,-0.2007,3.1123,-0.2972,0,0,0,2.6661,-0.794,-0.0211,-0.0002,-0.0053,-0.0222,-0.0002,-0.0005,-0.0008,-0.0846,0.0166,0.0281,-0.2334,-0.0068,0.3555,0,0,0,-0.2015,0.3745,-0.5381,0.029,2.966,0.0478,-2.6739,-0.0767,0,2.7477,-0.6951,0,2.9026,-0.2762,0,0,0,2.6998,-0.6951,0,0,0,0,0,0,0,0,0,0,-0.3628,-0.013,0.3657,0,0,0,-0.3296,0.3959,-0.8325,0.0357,4.8091,0.1216,-4.6108,-0.1543,-0.0006,2.4057,-0.7085,0,3.0474,-0.282,0,0,0,2.3303,-0.71,-0.0028,-0.0022,0,-0.0103,-0.0023,0,0,-0.0087,-0.0003,0,,
20,1,1,0.1211,0.8,1.70E+07,1000,40265.5703,0,0,0.7519,3.2,0.4863,6.58,6.58,0,0,0,0,-20,-20,20,20,0,-0.5451,0.1211,0.5753,0.5753,0.8274,0,0,0,-0.5451,0.5753,-0.9474,-0.2222,5.267,-0.1018,-4.9358,0.1132,0,2.9917,-0.818,-0.1701,3.1123,-0.2972,0,0,0,3.0032,-0.8313,-0.0151,0,-0.0052,-0.0188,0.0025,-0.0005,-0.0009,-0.0594,0.0131,0.0222,0,0,0.3582,0,0,0,0,0.3582,0,0.029,2.6745,0.0774,-2.6279,-0.0822,0,2.7477,-0.6951,0,2.9026,-0.2762,0,0,0,2.6998,-0.6951,0,0,0,0,0,0,0,0,0,0,0,0,0.3684,0,0,0,0,0.3684,0,0.0357,4.1578,0.1486,-3.7686,-0.1504,0,2.5358,-0.7089,0,3.0474,-0.282,0,0,0,2.4879,-0.7089,0,0,0,-0.0057,0,0,0,0,0,0,,
21,1,1,0.108,0.8,1.70E+07,1000,40265.5703,0,0,0.7519,3.2,0.4863,6.58,6.58,0,0,0,0,-20,-20,20,20,5,-0.0661,0.108,0.5282,0.5282,0.7803,0,0,0,-0.1119,0.5204,-0.215,-1.635,6.1056,-0.1653,-6.158,0.1921,0.0008,2.8578,-0.8113,-0.1625,3.1123,-0.2972,0,0,0,3.0107,-0.866,-0.0067,0.0035,-0.0084,-0.0308,0.003,0,-0.0002,-0.0458,0.0123,0.0202,0.2334,0.0068,0.3555,0,0,0,0.2015,0.3745,0.5381,0.029,2.966,0.0478,-2.6739,-0.0767,0,2.7477,-0.6951,0,2.9026,-0.2762,0,0,0,2.6998,-0.6951,0,0,0,0,0,0,0,0,0,0,0.3628,0.013,0.3657,0,0,0,0.3296,0.3959,0.8325,0.0357,4.8091,0.1216,-4.6108,-0.1543,0.0006,2.4195,-0.7081,0,3.0474,-0.282,0,0,0,2.3303,-0.71,0.0028,0.0022,0,-0.0103,0.0023,0,0,0.0087,0.0003,0,,
22,1,1,0.0923,0.8,1.70E+07,1000,40265.5703,0,0,0.7519,3.2,0.4863,6.58,6.58,0,0,0,0,-20,-20,20,20,10,0.5207,0.0923,0.478,0.478,0.7281,0,0,0,0.4298,0.5611,0.7659,0.1772,7.1017,-0.1862,-7.5489,0.2832,-0.0127,2.8868,-0.8112,-0.1715,3.1123,-0.2972,0,0,0,2.9377,-0.8803,0.005,0.0185,-0.0124,-0.043,0.0039,0.0004,-0.0003,-0.0238,0.0091,0.0145,0.5177,0.0083,0.3474,0,0,0,0.4495,0.4321,1.0403,0.0161,3.5505,-0.0168,-2.9392,-0.047,0,2.7477,-0.6951,0,2.9026,-0.2762,0,0,0,2.6998,-0.6951,0,0,0,0,0,0,0,0,0,0,0.8395,0.0212,0.3576,0,0,0,0.7646,0.4979,1.5356,0.0253,5.9701,0.0576,-5.6663,-0.1313,-0.0013,2.4189,-0.7039,0,3.0474,-0.282,0,0,0,2.1812,-0.7112,0.0071,0.0117,0.0001,-0.015,0.003,0.0001,0,0.0157,0.0005,0,,
23,1,1,0.0756,0.8,1.70E+07,1000,40265.5703,0,0,0.7519,3.2,0.4863,6.58,6.58,0,0,0,0,-20,-20,20,20,15,1.1735,0.0756,0.4317,0.4317,0.6779,0,0,0,1.0217,0.7207,1.4177,0.0644,7.7436,-0.1903,-8.3679,0.3051,-0.0295,3.0239,-0.7926,-0.1568,3.1123,-0.2972,0,0,0,2.7639,-0.8652,0.0183,0.0135,-0.0082,-0.05,0.002,0.0018,0.0007,-0.0091,0.0082,0.0121,0.8531,0.0038,0.3342,0,0,0,0.7375,0.5437,1.3566,0.0045,4.264,-0.1021,-3.1864,-0.014,0,2.7477,-0.6951,0,2.9026,-0.2762,0,0,0,2.6998,-0.6951,0,0,0,0,0,0,0,0,0,0,1.4049,0.023,0.3444,0,0,0,1.2679,0.6963,1.821,0.0164,6.9819,-0.0347,-6.5087,-0.0979,-0.0051,2.5905,-0.6951,0,3.0474,-0.282,0,0,0,2.0584,-0.7112,0.0118,0.0287,0.0001,-0.0193,0.0039,0.0001,0,0.0242,0.0007,0,,
24,1,1,0.0591,0.8,1.70E+07,1000,40265.5703,0,0,0.7519,3.2,0.4863,6.58,6.58,0,0,0,0,-20,-20,20,20,20,1.8722,0.0591,0.3964,0.3964,0.6369,0,0,0,1.6237,1.0128,1.6031,0.0315,8.2109,-0.2046,-8.8451,0.3248,-0.0517,3.3617,-0.773,-0.1475,3.1123,-0.2972,0,0,0,2.641,-0.8517,0.0281,-0.0089,-0.0025,-0.0542,0.0041,0.0026,0.0002,0.0096,0.0063,0.0083,1.2619,-0.0095,0.3163,0,0,0,1.0776,0.7289,1.4785,-0.0075,5.0774,-0.2045,-3.4693,0.0263,0,2.7477,-0.6951,0,2.9026,-0.2762,0,0,0,2.6998,-0.6951,0,0,0,0,0,0,0,0,0,0,2.0581,0.0152,0.3265,0,0,0,1.8223,1.0107,1.803,0.0074,7.8665,-0.1478,-7.0884,-0.0505,-0.0156,2.9485,-0.6831,0,3.0474,-0.282,0,0,0,1.9799,-0.7102,0.0151,0.0341,-0.0005,-0.0228,0.0046,0.0001,0,0.0327,0.0009,0,,
25,1,1,0.0399,0.8,1.70E+07,1000,40265.5703,0,0,0.7519,3.2,0.4863,6.58,6.58,0,0,0,0,-20,-20,20,20,25,2.6065,0.0399,0.3684,0.3684,0.6012,0,0,0,2.2066,1.4354,1.5373,0.0153,8.5453,-0.232,-8.9009,0.3053,-0.0486,3.868,-0.7573,-0.1497,3.1123,-0.2972,0,0,0,2.5466,-0.8418,0.0346,0.0567,-0.0117,-0.0579,0.0137,0.0021,-0.0031,0.0346,0.0028,0.0022,1.7393,-0.0319,0.2943,0,0,0,1.452,1.0018,1.4494,-0.0183,5.8451,-0.3105,-3.7318,0.0685,0,2.7477,-0.6951,0,2.9026,-0.2762,0,0,0,2.6998,-0.6951,0,0,0,0,0,0,0,0,0,0,2.7779,-0.0028,0.3044,0,0,0,2.389,1.4499,1.6477,-0.001,8.568,-0.2649,-7.4814,-0.0006,-0.0236,3.4435,-0.6701,0,3.0474,-0.282,0,0,0,1.9213,-0.709,0.0181,0.0581,-0.0006,-0.026,0.005,0.0001,0,0.041,0.0011,0,,
26,1,1,0.0186,0.8,1.70E+07,1000,40265.5703,0,0,0.7519,3.2,0.4863,6.58,6.58,0,0,0,0,-20,-20,20,20,30,3.3637,0.0186,0.3486,0.3486,0.5718,0,0,0,2.7387,1.9837,1.3806,0.0055,8.8069,-0.2559,-8.4331,0.2403,-0.0402,4.5304,-0.7439,-0.1592,3.1123,-0.2972,0,0,0,2.4377,-0.8215,0.0339,0.1765,-0.0359,-0.0586,0.0174,0.0037,-0.004,0.0552,0.0003,-0.002,2.2821,-0.0637,0.2687,0,0,0,1.842,1.3738,1.3409,-0.0279,6.5956,-0.4183,-3.9544,0.1104,0,2.7477,-0.6951,0,2.9026,-0.2762,0,0,0,2.6998,-0.6951,0,0,0,0,0,0,0,0,0,0,3.5536,-0.0311,0.2788,0,0,0,2.9381,2.0182,1.4558,-0.0087,9.2089,-0.3834,-7.583,0.0514,-0.0369,4.0739,-0.6563,0,3.0474,-0.282,0,0,0,1.9048,-0.7072,0.019,0.0678,-0.0011,-0.0283,0.0059,0.0001,0,0.0496,0.0012,0,,
27,1,1,0.3105,1.2,2.30E+07,2000,80141.9688,0,0,0.7519,3.2,0.4863,6.58,6.58,0,0,0,0,-20,-20,20,20,-30,-5.3541,0.3105,1.1148,1.1148,1.4095,0,0,0,-4.0794,3.6425,-1.12,-0.058,12.6038,-0.5552,-10.9506,0.5149,0.0656,6.9637,-1.8185,-1.0698,3.2457,-0.4888,0,0,0,2.7204,-1.3823,-0.0774,0.2671,-0.0968,-0.0666,-0.0074,0.0052,0.0007,-0.188,0.0317,0.0531,-3.4659,0.1622,0.819,0,0,0,-2.5921,2.4422,-1.0614,-0.0468,11.7015,-0.8431,-6.0063,0.2812,0,2.9068,-1.1961,0,3.036,-0.4677,0,0,0,2.8261,-1.1961,0,0,0,0,0,0,0,0,0,0,-4.648,0.1433,0.834,0,0,0,-3.6082,3.0462,-1.1845,-0.0308,13.9906,-0.8376,-9.8373,0.2483,0.0448,4.1893,-1.1724,0,3.1808,-0.4736,0,0,0,2.0343,-1.2017,-0.0177,-0.0985,0.0018,-0.0273,-0.0056,0,0,-0.0502,-0.0007,0,,
28,1,1,0.2616,1.2,2.30E+07,2000,80141.9688,0,0,0.7519,3.2,0.4863,6.58,6.58,0,0,0,0,-20,-20,20,20,-25,-4.27,0.2616,1.2283,1.2283,1.536,0,0,0,-3.3509,2.9178,-1.1484,-0.0613,12.242,-0.5641,-10.6497,0.4852,0.0425,5.8681,-1.7157,-0.8902,3.2457,-0.4888,0,0,0,2.4449,-1.3105,-0.0604,0.0594,-0.0461,-0.0551,0.0017,0.0012,-0.0027,-0.1714,0.0297,0.0501,-2.5023,0.0954,0.8969,0,0,0,-1.8888,1.8704,-1.0098,-0.0381,10.3834,-0.6882,-5.3702,0.2049,0,2.9068,-1.1961,0,3.036,-0.4677,0,0,0,2.8261,-1.1961,0,0,0,0,0,0,0,0,0,0,-3.4785,0.0774,0.912,0,0,0,-2.7672,2.2966,-1.2049,-0.0222,12.8106,-0.6725,-9.2945,0.1648,0.0249,3.5791,-1.1795,0,3.1808,-0.4736,0,0,0,2.0531,-1.2034,-0.0179,-0.096,0.0008,-0.0257,-0.0052,0,0,-0.0427,-0.0007,0,,
29,1,1,0.212,1.2,2.30E+07,2000,80141.9688,0,0,0.7519,3.2,0.4863,6.58,6.58,0,0,0,0,-20,-20,20,20,-20,-3.2174,0.212,1.3043,1.3043,1.6226,0,0,0,-2.5773,2.326,-1.108,-0.0659,10.9172,-0.4684,-9.7207,0.4309,0.0215,5.0542,-1.6413,-0.7626,3.2457,-0.4888,0,0,0,2.5686,-1.3187,-0.0554,0.0621,-0.0381,-0.052,-0.0097,0.0027,0.002,-0.192,0.0355,0.0621,-1.6534,0.0421,0.9642,0,0,0,-1.2239,1.4716,-0.8317,-0.0254,8.3738,-0.4792,-4.5476,0.116,0,2.9068,-1.1961,0,3.036,-0.4677,0,0,0,2.8261,-1.1961,0,0,0,0,0,0,0,0,0,0,-2.4119,0.0259,0.9792,0,0,0,-1.9315,1.7451,-1.1068,-0.0107,10.9095,-0.4527,-8.1752,0.0711,0.014,3.1132,-1.187,0,3.1808,-0.4736,0,0,0,2.1417,-1.2043,-0.0151,-0.0559,0.0004,-0.0223,-0.0046,0,0,-0.034,-0.0006,0,,
30,1,1,0.1799,1.2,2.30E+07,2000,80141.9688,0,0,0.7519,3.2,0.4863,6.58,6.58,0,0,0,0,-20,-20,20,20,-15,-2.3639,0.1799,1.3564,1.3564,1.6828,0,0,0,-1.9323,1.922,-1.0053,-0.0761,9.053,-0.3194,-8.3328,0.2812,0.0255,4.3099,-1.5542,-0.6092,3.2457,-0.4888,0,0,0,2.6688,-1.3193,-0.0467,0.039,-0.0259,-0.0454,-0.0005,0.0002,-0.0012,-0.1579,0.0302,0.0528,-1.04,0.0117,1.0188,0,0,0,-0.7408,1.2533,-0.5911,-0.0113,6.1514,-0.2593,-3.8864,0.0442,0,2.9068,-1.1961,0,3.036,-0.4677,0,0,0,2.8261,-1.1961,0,0,0,0,0,0,0,0,0,0,-1.5735,-0.0016,1.0338,0,0,0,-1.2523,1.4059,-0.8908,0.001,8.6705,-0.2216,-7.1153,-0.0072,0.0064,2.7767,-1.1947,0,3.1808,-0.4736,0,0,0,2.2358,-1.2054,-0.0113,-0.0293,0.0002,-0.0187,-0.0037,0,0,-0.0249,-0.0005,0,,
31,1,1,0.1563,1.2,2.30E+07,2000,80141.9688,0,0,0.7519,3.2,0.4863,6.58,6.58,0,0,0,0,-20,-20,20,20,-10,-1.6372,0.1563,1.3796,1.3796,1.7116,0,0,0,-1.3727,1.6429,-0.8355,-0.0955,7.6324,-0.238,-7.2261,0.2231,0.0167,3.7636,-1.4766,-0.4688,3.2457,-0.4888,0,0,0,2.8604,-1.3375,-0.0375,0.0241,-0.0182,-0.0403,-0.0005,-0.0002,-0.0009,-0.1438,0.0287,0.0513,-0.5796,-0.0032,1.059,0,0,0,-0.3868,1.1436,-0.3383,0.0055,4.5431,-0.0995,-3.2933,-0.0175,0,2.9068,-1.1961,0,3.036,-0.4677,0,0,0,2.8261,-1.1961,0,0,0,0,0,0,0,0,0,0,-0.8982,-0.0128,1.0741,0,0,0,-0.698,1.2137,-0.5751,0.0142,6.8478,-0.0513,-5.9592,-0.0744,0.0015,2.5973,-1.2014,0,3.1808,-0.4736,0,0,0,2.3433,-1.2064,-0.0069,-0.0115,0,-0.0146,-0.0029,0,0,-0.0162,-0.0004,0,,
32,1,1,0.1383,1.2,2.30E+07,2000,80141.9688,0,0,0.7519,3.2,0.4863,6.58,6.58,0,0,0,0,-20,-20,20,20,-5,-1.0316,0.1383,1.3725,1.3725,1.7076,0,0,0,-0.908,1.4572,-0.6231,-0.1341,6.2617,-0.1863,-5.8205,0.1214,-0.0004,3.2711,-1.3709,-0.2787,3.2457,-0.4888,0,0,0,2.9477,-1.3243,-0.0252,-0.0038,-0.0069,-0.0285,-0.0072,0.0011,0.002,-0.135,0.0285,0.0513,-0.2469,-0.0056,1.0837,0,0,0,-0.1515,1.1011,-0.1376,0.0228,3.3203,0.0183,-2.8322,-0.0635,0,2.9068,-1.1961,0,3.036,-0.4677,0,0,0,2.8261,-1.1961,0,0,0,0,0,0,0,0,0,0,-0.3781,-0.0106,1.0987,0,0,0,-0.2809,1.1275,-0.2491,0.028,5.1451,0.0732,-4.7633,-0.1217,-0.0006,2.5847,-1.2056,0,3.1808,-0.4736,0,0,0,2.4748,-1.2067,-0.0028,-0.0021,0,-0.0101,-0.0022,0,0,-0.0087,-0.0002,0,,
33,1,1,0.1238,1.2,2.30E+07,2000,80141.9688,0,0,0.7519,3.2,0.4863,6.58,6.58,0,0,0,0,-20,-20,20,20,0,-0.5441,0.1238,1.3377,1.3377,1.6733,0,0,0,-0.5441,1.3377,-0.4068,-0.2274,5.7171,-0.1956,-5.4393,0.2147,0,3.2813,-1.348,-0.2386,3.2457,-0.4888,0,0,0,3.2968,-1.37,-0.0174,0,-0.0077,-0.0255,-0.0011,0.0002,0.0004,-0.0961,0.0217,0.0393,0,0,1.092,0,0,0,0,1.092,0,0.0228,2.8294,0.0646,-2.7509,-0.072,0,2.9068,-1.1961,0,3.036,-0.4677,0,0,0,2.8261,-1.1961,0,0,0,0,0,0,0,0,0,0,0,0,1.107,0,0,0,0,1.107,0,0.028,4.3321,0.1213,-3.9328,-0.13,0,2.6971,-1.2075,0,3.1808,-0.4736,0,0,0,2.6164,-1.2075,0,0,0,-0.0059,0,0,0,0,0,0,,
34,1,1,0.1042,1.2,2.30E+07,2000,80141.9688,0,0,0.7519,3.2,0.4863,6.58,6.58,0,0,0,0,-20,-20,20,20,5,-0.0337,0.1042,1.2744,1.2744,1.6094,0,0,0,-0.1447,1.2666,-0.1142,-3.0878,6.5179,-0.2358,-6.3978,0.2512,0.0005,3.0584,-1.3153,-0.1867,3.2457,-0.4888,0,0,0,3.2132,-1.3792,-0.0072,0.0032,-0.01,-0.0351,0.0024,0,-0.0001,-0.0632,0.0164,0.0292,0.2469,0.0056,1.0837,0,0,0,0.1515,1.1011,0.1376,0.0228,3.3203,0.0183,-2.8322,-0.0635,0,2.9068,-1.1961,0,3.036,-0.4677,0,0,0,2.8261,-1.1961,0,0,0,0,0,0,0,0,0,0,0.3781,0.0106,1.0987,0,0,0,0.2809,1.1275,0.2491,0.028,5.1451,0.0732,-4.7633,-0.1217,0.0006,2.5986,-1.2052,0,3.1808,-0.4736,0,0,0,2.4748,-1.2067,0.0028,0.0021,0,-0.0101,0.0022,0,0,0.0087,0.0002,0,,
35,1,1,0.0826,1.2,2.30E+07,2000,80141.9688,0,0,0.7519,3.2,0.4863,6.58,6.58,0,0,0,0,-20,-20,20,20,10,0.5936,0.0826,1.205,1.205,1.537,0,0,0,0.3753,1.2897,0.291,0.1391,7.8818,-0.2764,-7.7799,0.3343,-0.0169,3.0319,-1.2978,-0.1656,3.2457,-0.4888,0,0,0,3.0843,-1.3759,0.0053,0.0149,-0.0126,-0.0448,0.0027,0.0006,0.0001,-0.0382,0.0127,0.0219,0.5796,0.0032,1.059,0,0,0,0.3868,1.1436,0.3383,0.0055,4.5431,-0.0995,-3.2933,-0.0175,0,2.9068,-1.1961,0,3.036,-0.4677,0,0,0,2.8261,-1.1961,0,0,0,0,0,0,0,0,0,0,0.8982,0.0128,1.0741,0,0,0,0.698,1.2137,0.5751,0.0142,6.8478,-0.0513,-5.9592,-0.0744,-0.0015,2.6198,-1.2008,0,3.1808,-0.4736,0,0,0,2.3432,-1.2064,0.0069,0.0115,0,-0.0146,0.0029,0,0,0.0162,0.0004,0,,
36,1,1,0.0559,1.2,2.30E+07,2000,80141.9688,0,0,0.7519,3.2,0.4863,6.58,6.58,0,0,0,0,-20,-20,20,20,15,1.3421,0.0559,1.1343,1.1343,1.4607,0,0,0,1.0028,1.443,0.6949,0.0417,9.2588,-0.3379,-8.9659,0.4018,-0.0377,3.1846,-1.2796,-0.1492,3.2457,-0.4888,0,0,0,2.9212,-1.3591,0.0176,0.0308,-0.0131,-0.0514,0.0032,0.0017,0.0002,-0.0171,0.0103,0.0167,1.04,-0.0117,1.0188,0,0,0,0.7408,1.2533,0.5911,-0.0113,6.1514,-0.2593,-3.8864,0.0442,0,2.9068,-1.1961,0,3.036,-0.4677,0,0,0,2.8261,-1.1961,0,0,0,0,0,0,0,0,0,0,1.5735,0.0016,1.0338,0,0,0,1.2523,1.4059,0.8908,0.001,8.6705,-0.2216,-7.1153,-0.0072,-0.0064,2.8092,-1.1938,0,3.1808,-0.4736,0,0,0,2.2358,-1.2054,0.0113,0.0293,-0.0002,-0.0187,0.0037,0,0,0.0249,0.0005,0,,
37,1,1,0.0236,1.2,2.30E+07,2000,80141.9688,0,0,0.7519,3.2,0.4863,6.58,6.58,0,0,0,0,-20,-20,20,20,20,2.2098,0.0236,1.0671,1.0671,1.3855,0,0,0,1.7115,1.7586,0.9733,0.0107,11.046,-0.4577,-9.9598,0.4613,-0.0558,3.4906,-1.2576,-0.1313,3.2457,-0.4888,0,0,0,2.7727,-1.3431,0.0281,0.0548,-0.0131,-0.0564,0.0062,0.0027,-0.0007,0.0028,0.0082,0.0123,1.6534,-0.0421,0.9642,0,0,0,1.2239,1.4716,0.8317,-0.0254,8.3738,-0.4792,-4.5476,0.116,0,2.9068,-1.1961,0,3.036,-0.4677,0,0,0,2.8261,-1.1961,0,0,0,0,0,0,0,0,0,0,2.4119,-0.0259,0.9792,0,0,0,1.9315,1.7451,1.1068,-0.0107,10.9095,-0.4527,-8.1752,0.0711,-0.014,3.1565,-1.1859,0,3.1808,-0.4736,0,0,0,2.1417,-1.2043,0.0151,0.0559,-0.0004,-0.0223,0.0046,0,0,0.034,0.0006,0,,
38,1,1,-0.0239,1.2,2.30E+07,2000,80141.9688,0,0,0.7519,3.2,0.4863,6.58,6.58,0,0,0,0,-20,-20,20,20,25,3.2707,-0.0239,1.0013,1.0013,1.309,0,0,0,2.5411,2.2897,1.1098,-0.0073,12.5899,-0.5873,-10.7639,0.4876,-0.0575,3.9298,-1.234,-0.1155,3.2457,-0.4888,0,0,0,2.6554,-1.3342,0.0358,0.1229,-0.0203,-0.0615,0.0102,0.0042,-0.0019,0.0158,0.0077,0.0104,2.5023,-0.0954,0.8969,0,0,0,1.8888,1.8704,1.0098,-0.0381,10.3834,-0.6882,-5.3702,0.2049,0,2.9068,-1.1961,0,3.036,-0.4677,0,0,0,2.8261,-1.1961,0,0,0,0,0,0,0,0,0,0,3.4785,-0.0774,0.912,0,0,0,2.7672,2.2966,1.2049,-0.0222,12.8106,-0.6725,-9.2945,0.1648,-0.0249,3.6328,-1.1783,0,3.1808,-0.4736,0,0,0,2.0531,-1.2034,0.0179,0.096,-0.0008,-0.0257,0.0052,0,0,0.0427,0.0007,0,,
39,1,1,-0.0789,1.2,2.30E+07,2000,80141.9688,0,0,0.7519,3.2,0.4863,6.58,6.58,0,0,0,0,-20,-20,20,20,30,4.4073,-0.0789,0.9353,0.9353,1.23,0,0,0,3.3492,3.0136,1.1113,-0.0179,13.4588,-0.672,-10.6295,0.427,-0.0523,4.4527,-1.1919,-0.0754,3.2457,-0.4888,0,0,0,2.4831,-1.3002,0.0302,0.2554,-0.0489,-0.0581,0.0054,0.0083,0.0001,0.0072,0.0122,0.0166,3.4659,-0.1622,0.819,0,0,0,2.5921,2.4422,1.0614,-0.0468,11.7015,-0.8431,-6.0063,0.2812,0,2.9068,-1.1961,0,3.036,-0.4677,0,0,0,2.8261,-1.1961,0,0,0,0,0,0,0,0,0,0,4.648,-0.1433,0.834,0,0,0,3.6082,3.0462,1.1845,-0.0308,13.9906,-0.8376,-9.8373,0.2483,-0.0448,4.2573,-1.171,0,3.1808,-0.4736,0,0,0,2.0343,-1.2017,0.0177,0.0985,-0.0018,-0.0273,0.0056,0,0,0.0502,0.0007,0,,
40,1,1,0.1498,2,3.50E+07,3000,196356.8281,0,0,0.7519,3.2,0.4863,6.58,6.58,0,0,0,0,-20,-20,20,20,-30,-4.7857,0.1498,1.0614,1.0614,1.2336,0,0,0,-3.6138,3.3121,-1.0911,-0.0313,7.7631,-0.1012,-10.367,0.4146,0.0669,6.1364,-1.4043,-0.7069,3.6246,-0.4932,0,0,0,2.4281,-1.0178,-0.0532,0.0362,-0.0369,-0.0561,-0.0116,0.0068,0.0028,-0.1604,0.0243,0.0394,-3.1997,0.0411,0.8817,0,0,0,-2.3302,2.3635,-0.9859,-0.0129,6.5539,-0.3125,-5.5431,0.0714,0,2.7982,-0.9652,0,3.4149,-0.4721,0,0,0,2.6823,-0.9187,0,0,0,0,0,0,0,0,0,0,-4.3884,0.049,0.8942,0,0,0,-3.3533,2.9686,-1.1296,-0.0112,9.036,-0.3632,-9.1854,0.1212,0.0415,4.394,-0.9736,0,3.5597,-0.478,0,0,0,2.0285,-0.9089,-0.018,-0.0851,0.0032,-0.0264,-0.0047,0.0001,0,-0.0633,0.0005,0,,
41,1,1,0.1346,2,3.50E+07,3000,196356.8281,0,0,0.7519,3.2,0.4863,6.58,6.58,0,0,0,0,-20,-20,20,20,-25,-4.0393,0.1346,1.1526,1.1526,1.3328,0,0,0,-3.1737,2.7517,-1.1534,-0.0333,9.3441,-0.2472,-10.5832,0.3751,0.0604,5.2993,-1.3466,-0.6344,3.6246,-0.4932,0,0,0,2.3749,-1.0008,-0.0459,0.0199,-0.0251,-0.0503,-0.0061,0.0033,0.0007,-0.1454,0.023,0.0379,-2.5853,0.0139,0.9392,0,0,0,-1.9462,1.9438,-1.0012,-0.0054,7.5279,-0.3127,-5.5461,0.0299,0,2.7982,-0.9652,0,3.4149,-0.4721,0,0,0,2.6823,-0.9187,0,0,0,0,0,0,0,0,0,0,-3.562,0.0177,0.9516,0,0,0,-2.8261,2.3679,-1.1935,-0.005,9.9022,-0.3538,-9.358,0.0725,0.037,3.7463,-0.9663,0,3.5597,-0.478,0,0,0,2.0479,-0.911,-0.0161,-0.0541,0.0024,-0.0243,-0.0044,0.0001,0,-0.0525,0.0003,0,,
42,1,1,0.1066,2,3.50E+07,3000,196356.8281,0,0,0.7519,3.2,0.4863,6.58,6.58,0,0,0,0,-20,-20,20,20,-20,-3.1545,0.1066,1.211,1.211,1.3978,0,0,0,-2.5501,2.2169,-1.1503,-0.0338,10.2955,-0.3126,-10.157,0.3073,0.0446,4.5101,-1.2742,-0.5263,3.6246,-0.4932,0,0,0,2.3891,-0.9918,-0.0396,0.0104,-0.0172,-0.0438,-0.005,0.0018,0.0002,-0.1364,0.0226,0.0385,-1.8858,-0.0134,0.9887,0,0,0,-1.4339,1.5741,-0.9109,0.0071,8.0657,-0.2824,-5.1849,-0.0365,0,2.7982,-0.9652,0,3.4149,-0.4721,0,0,0,2.6823,-0.9187,0,0,0,0,0,0,0,0,0,0,-2.66,-0.0128,1.0012,0,0,0,-2.1572,1.8506,-1.1656,0.0048,10.3666,-0.3134,-8.8783,-0.0046,0.0285,3.2328,-0.9624,0,3.5597,-0.478,0,0,0,2.103,-0.9133,-0.0139,-0.0325,0.0016,-0.0215,-0.0046,0,0,-0.043,0.0001,0,,
43,1,1,0.08,2,3.50E+07,3000,196356.8281,0,0,0.7519,3.2,0.4863,6.58,6.58,0,0,0,0,-20,-20,20,20,-15,-2.2423,0.08,1.2513,1.2513,1.4433,0,0,0,-1.8421,1.789,-1.0297,-0.0357,9.8986,-0.2353,-8.7895,0.1179,0.0312,3.8207,-1.2041,-0.4137,3.6246,-0.4932,0,0,0,2.4348,-0.9923,-0.0346,-0.0093,-0.0122,-0.0388,-0.004,0.0011,0.0004,-0.1246,0.0222,0.0387,-1.1776,-0.0354,1.029,0,0,0,-0.8711,1.2987,-0.6708,0.0301,7.3744,-0.1631,-4.4014,-0.1316,0,2.7982,-0.9652,0,3.4149,-0.4721,0,0,0,2.6823,-0.9187,0,0,0,0,0,0,0,0,0,0,-1.7527,-0.037,1.0414,0,0,0,-1.4234,1.4596,-0.9752,0.0211,9.7253,-0.1823,-7.8506,-0.1133,0.0127,2.8267,-0.9616,0,3.5597,-0.478,0,0,0,2.1518,-0.9158,-0.0117,-0.0325,0.0009,-0.0191,-0.0029,0,0,-0.0316,0,0,,
44,1,1,0.0655,2,3.50E+07,3000,196356.8281,0,0,0.7519,3.2,0.4863,6.58,6.58,0,0,0,0,-20,-20,20,20,-10,-1.4267,0.0655,1.2724,1.2724,1.4682,0,0,0,-1.1841,1.5009,-0.789,-0.0459,8.1958,-0.0665,-7.1165,-0.0392,0.0141,3.3048,-1.1434,-0.3088,3.6246,-0.4932,0,0,0,2.5509,-1.0012,-0.0272,-0.0045,-0.0084,-0.0334,-0.0028,0.0003,0,-0.1085,0.0205,0.0366,-0.5985,-0.0419,1.0586,0,0,0,-0.4056,1.1464,-0.3538,0.07,5.3825,0.0488,-3.4042,-0.2367,0,2.7982,-0.9652,0,3.4149,-0.4721,0,0,0,2.6823,-0.9187,0,0,0,0,0,0,0,0,0,0,-0.9624,-0.0446,1.0711,0,0,0,-0.7618,1.2219,-0.6234,0.0463,7.76,0.0447,-6.3099,-0.2353,0.0033,2.5708,-0.9636,0,3.5597,-0.478,0,0,0,2.2356,-0.9185,-0.0076,-0.012,0.0003,-0.0157,-0.0029,0,0,-0.0215,-0.0001,0,,
45,1,1,0.0684,2,3.50E+07,3000,196356.8281,0,0,0.7519,3.2,0.4863,6.58,6.58,0,0,0,0,-20,-20,20,20,-5,-0.8113,0.0684,1.2709,1.2709,1.469,0,0,0,-0.6975,1.3368,-0.5217,-0.0843,6.2558,0.0756,-5.7783,-0.1279,0.0001,3.0108,-1.095,-0.2199,3.6246,-0.4932,0,0,0,2.7106,-1.0161,-0.019,-0.0014,-0.0064,-0.0277,-0.0021,0,0,-0.0871,0.0179,0.0324,-0.2377,-0.0269,1.0767,0,0,0,-0.1429,1.0933,-0.1307,0.1132,3.4285,0.24,-2.7308,-0.3063,0,2.7982,-0.9652,0,3.4149,-0.4721,0,0,0,2.6823,-0.9187,0,0,0,0,0,0,0,0,0,0,-0.3977,-0.0292,1.0892,0,0,0,-0.3012,1.1197,-0.269,0.0734,5.5127,0.2555,-4.9567,-0.3229,-0.0005,2.4931,-0.9672,0,3.5597,-0.478,0,0,0,2.3369,-0.9213,-0.0034,-0.0019,0,-0.0117,-0.0022,0,0,-0.0107,-0.0001,0,,
46,1,1,0.0787,2,3.50E+07,3000,196356.8281,0,0,0.7519,3.2,0.4863,6.58,6.58,0,0,0,0,-20,-20,20,20,0,-0.3347,0.0787,1.2443,1.2443,1.4431,0,0,0,-0.3347,1.2443,-0.269,-0.2353,5.488,0.1143,-5.1208,-0.1283,0,2.9401,-1.0653,-0.1608,3.6246,-0.4932,0,0,0,2.8862,-1.0335,-0.0111,0,-0.0056,-0.0221,-0.0003,0.0001,0.0001,-0.062,0.0145,0.0265,0,0,1.0828,0,0,0,0,1.0828,0,0.1132,2.7237,0.3084,-2.6109,-0.3193,0,2.7982,-0.9652,0,3.4149,-0.4721,0,0,0,2.6823,-0.9187,0,0,0,0,0,0,0,0,0,0,0,0,1.0953,0,0,0,0,1.0953,0,0.0734,4.5569,0.3345,-4.1545,-0.3566,0,2.5636,-0.972,0,3.5597,-0.478,0,0,0,2.4477,-0.9255,0,0,0,-0.0077,0,0,0,0,0,0,,
47,1,1,0.0883,2,3.50E+07,3000,196356.8281,0,0,0.7519,3.2,0.4863,6.58,6.58,0,0,0,0,-20,-20,20,20,5,0.1465,0.0883,1.2019,1.2019,1.4,0,0,0,0.0412,1.2101,0.034,0.6031,6.3362,0.0651,-5.9707,-0.0836,0.0003,2.7953,-1.0375,-0.1209,3.6246,-0.4932,0,0,0,2.7991,-1.0327,-0.0025,0.0023,-0.007,-0.0291,0.0018,0.0001,0.0002,-0.0371,0.0112,0.0203,0.2377,0.0269,1.0767,0,0,0,0.1429,1.0933,0.1307,0.1132,3.4285,0.24,-2.7308,-0.3063,0,2.7982,-0.9652,0,3.4149,-0.4721,0,0,0,2.6823,-0.9187,0,0,0,0,0,0,0,0,0,0,0.3977,0.0292,1.0892,0,0,0,0.3012,1.1197,0.269,0.0734,5.5127,0.2555,-4.9567,-0.3229,0.0005,2.5107,-0.9671,0,3.5597,-0.478,0,0,0,2.3369,-0.9213,0.0034,0.0019,0,-0.0117,0.0022,0,0,0.0107,0.0001,0,,
48,1,1,0.0901,2,3.50E+07,3000,196356.8281,0,0,0.7519,3.2,0.4863,6.58,6.58,0,0,0,0,-20,-20,20,20,10,0.7714,0.0901,1.1574,1.1574,1.3532,0,0,0,0.5587,1.2738,0.4386,0.1168,8.2923,-0.0715,-7.4628,0.0328,-0.014,2.8524,-1.0235,-0.1047,3.6246,-0.4932,0,0,0,2.689,-1.0263,0.0057,0.034,-0.0135,-0.0363,0.0039,0.0002,-0.0004,-0.013,0.0082,0.0145,0.5985,0.0419,1.0586,0,0,0,0.4056,1.1464,0.3538,0.07,5.3825,0.0488,-3.4042,-0.2367,0,2.7982,-0.9652,0,3.4149,-0.4721,0,0,0,2.6823,-0.9187,0,0,0,0,0,0,0,0,0,0,0.9624,0.0446,1.0711,0,0,0,0.7618,1.2219,0.6234,0.0463,7.76,0.0447,-6.3099,-0.2353,-0.0033,2.6036,-0.9634,0,3.5597,-0.478,0,0,0,2.2356,-0.9185,0.0076,0.012,-0.0003,-0.0157,0.0029,0,0,0.0215,0.0001,0,,
49,1,1,0.0759,2,3.50E+07,3000,196356.8281,0,0,0.7519,3.2,0.4863,6.58,6.58,0,0,0,0,-20,-20,20,20,15,1.5943,0.0759,1.1134,1.1134,1.3054,0,0,0,1.2518,1.4881,0.8412,0.0476,9.9421,-0.2193,-9.0361,0.1556,-0.0422,3.0513,-1.0033,-0.0743,3.6246,-0.4932,0,0,0,2.5447,-1.0074,0.0152,0.0378,-0.0101,-0.0397,0.0023,0.0013,0.0003,0.0016,0.0073,0.0125,1.1776,0.0354,1.029,0,0,0,0.8711,1.2987,0.6708,0.0301,7.3744,-0.1631,-4.4015,-0.1316,0,2.7982,-0.9652,0,3.4149,-0.4721,0,0,0,2.6823,-0.9187,0,0,0,0,0,0,0,0,0,0,1.7527,0.037,1.0414,0,0,0,1.4234,1.4596,0.9752,0.0211,9.7253,-0.1823,-7.8506,-0.1133,-0.0127,2.873,-0.9614,0,3.5597,-0.478,0,0,0,2.1518,-0.9158,0.0117,0.0325,-0.0009,-0.0191,0.0029,0,0,0.0316,0,0,,
50,1,1,0.0518,2,3.50E+07,3000,196356.8281,0,0,0.7519,3.2,0.4863,6.58,6.58,0,0,0,0,-20,-20,20,20,20,2.5068,0.0518,1.0704,1.0704,1.2572,0,0,0,1.9895,1.8632,1.0678,0.0207,10.3236,-0.2844,-10.0647,0.26,-0.0717,3.4155,-0.9866,-0.0487,3.6246,-0.4932,0,0,0,2.4584,-0.9952,0.0203,0.0347,-0.0099,-0.042,0.0055,0.0021,-0.0004,0.0159,0.0068,0.0112,1.8858,0.0134,0.9887,0,0,0,1.4339,1.5741,0.9109,0.0071,8.0657,-0.2824,-5.1849,-0.0365,0,2.7982,-0.9652,0,3.4149,-0.4721,0,0,0,2.6823,-0.9187,0,0,0,0,0,0,0,0,0,0,2.66,0.0128,1.0012,0,0,0,2.1572,1.8506,1.1656,0.0048,10.3666,-0.3134,-8.8783,-0.0046,-0.0285,3.2973,-0.9623,0,3.5597,-0.478,0,0,0,2.103,-0.9133,0.0139,0.0325,-0.0016,-0.0215,0.0046,0,0,0.043,-0.0001,0,,
51,1,1,0.0262,2,3.50E+07,3000,196356.8281,0,0,0.7519,3.2,0.4863,6.58,6.58,0,0,0,0,-20,-20,20,20,25,3.3961,0.0262,1.0254,1.0254,1.2056,0,0,0,2.6446,2.3646,1.1184,0.0077,9.5781,-0.2508,-10.3545,0.2954,-0.0739,3.8776,-0.9698,-0.0216,3.6246,-0.4932,0,0,0,2.3706,-0.9846,0.0244,0.0767,-0.0155,-0.0449,0.0063,0.0034,-0.0008,0.0259,0.0068,0.0109,2.5853,-0.0139,0.9392,0,0,0,1.9462,1.9438,1.0012,-0.0054,7.5279,-0.3127,-5.5461,0.0299,0,2.7982,-0.9652,0,3.4149,-0.4721,0,0,0,2.6823,-0.9187,0,0,0,0,0,0,0,0,0,0,3.562,-0.0177,0.9516,0,0,0,2.8261,2.3679,1.1935,-0.005,9.9022,-0.3538,-9.358,0.0725,-0.037,3.8247,-0.9664,0,3.5597,-0.478,0,0,0,2.0479,-0.911,0.0161,0.0541,-0.0024,-0.0243,0.0044,-0.0001,0,0.0525,-0.0003,0,,
52,1,1,0.0081,2,3.50E+07,3000,196356.8281,0,0,0.7519,3.2,0.4863,6.58,6.58,0,0,0,0,-20,-20,20,20,30,4.1787,0.0081,0.9853,0.9853,1.1575,0,0,0,3.1262,2.9426,1.0624,0.0019,8.3561,-0.1655,-9.7869,0.2598,-0.055,4.4075,-0.9359,0.0338,3.6246,-0.4932,0,0,0,2.254,-0.9609,0.0234,0.1924,-0.0354,-0.0444,0.0083,0.0051,-0.0015,0.0322,0.0081,0.0126,3.1997,-0.0411,0.8817,0,0,0,2.3302,2.3635,0.9859,-0.0129,6.5539,-0.3125,-5.5431,0.0714,0,2.7982,-0.9652,0,3.4149,-0.4721,0,0,0,2.6823,-0.9187,0,0,0,0,0,0,0,0,0,0,4.3884,-0.049,0.8942,0,0,0,3.3533,2.9686,1.1296,-0.0112,9.036,-0.3632,-9.1854,0.1212,-0.0415,4.4909,-0.974,0,3.5597,-0.478,0,0,0,2.0285,-0.9089,0.018,0.0851,-0.0032,-0.0264,0.0047,-0.0001,0,0.0633,-0.0005,0,,
53,1,1,0.2713,3,4.80E+07,4000,388508.875,0,0,0.7519,3.2,0.4863,6.58,6.58,0,0,0,0,-20,-20,20,20,-30,-4.5999,0.2713,1.2583,1.2583,1.3602,0,0,0,-3.3545,3.3897,-0.9896,-0.059,9.0171,-0.4653,-9.8026,0.6525,0.039,6.5146,-1.7268,-0.5087,3.7509,-0.5107,0,0,0,3.1189,-1.32,-0.0334,-0.1671,0.0136,-0.0452,-0.0086,0.0055,0.0014,-0.1361,0.0186,0.0258,-3.2629,0.1588,1.1172,0,0,0,-2.2672,2.599,-0.8723,-0.0487,7.5973,-0.5156,-5.653,0.2753,0,3.5865,-1.3527,0,3.5411,-0.4896,0,0,0,3.4221,-1.2871,0,0,0,0,0,0,0,0,0,0,-4.2944,0.1908,1.1285,0,0,0,-3.1548,3.1245,-1.0097,-0.0444,9.7604,-0.6131,-8.7552,0.3888,0.0259,5.2798,-1.4042,0,3.6859,-0.4954,0,0,0,2.9382,-1.269,-0.0165,-0.0988,0.0048,-0.0237,-0.0053,0.0002,0,-0.0735,0.0023,0,,
54,1,1,0.2293,3,4.80E+07,4000,388508.875,0,0,0.7519,3.2,0.4863,6.58,6.58,0,0,0,0,-20,-20,20,20,-25,-3.8097,0.2293,1.3205,1.3205,1.4271,0,0,0,-2.8947,2.8068,-1.0313,-0.0602,9.093,-0.4961,-9.6325,0.6018,0.0358,5.843,-1.6815,-0.4867,3.7509,-0.5107,0,0,0,3.2184,-1.3349,-0.0323,-0.0999,0.0038,-0.0421,-0.0067,0.0033,0.0009,-0.1287,0.019,0.0283,-2.6125,0.1167,1.1604,0,0,0,-1.8774,2.1558,-0.8708,-0.0447,7.3084,-0.4511,-5.6043,0.2503,0,3.5865,-1.3527,0,3.5411,-0.4896,0,0,0,3.4221,-1.2871,0,0,0,0,0,0,0,0,0,0,-3.4603,0.1406,1.1717,0,0,0,-2.6409,2.5243,-1.0462,-0.0406,9.3568,-0.5374,-8.6532,0.3551,0.022,4.6684,-1.382,0,3.6859,-0.4954,0,0,0,2.9912,-1.272,-0.0146,-0.0641,0.0032,-0.0208,-0.0044,0.0002,0,-0.0605,0.0017,0,,
55,1,1,0.1847,3,4.80E+07,4000,388508.875,0,0,0.7519,3.2,0.4863,6.58,6.58,0,0,0,0,-20,-20,20,20,-20,-3.0129,0.1847,1.3598,1.3598,1.4704,0,0,0,-2.3661,2.3083,-1.0251,-0.0613,8.9856,-0.4904,-9.4196,0.5646,0.0285,5.1332,-1.6086,-0.4012,3.7509,-0.5107,0,0,0,3.271,-1.3383,-0.0289,-0.0526,-0.001,-0.0366,-0.0062,0.0023,0.0012,-0.1161,0.0182,0.0284,-1.9874,0.0801,1.1977,0,0,0,-1.4579,1.8052,-0.8076,-0.0403,6.9143,-0.3808,-5.4624,0.2203,0,3.5865,-1.3527,0,3.5411,-0.4896,0,0,0,3.4221,-1.2871,0,0,0,0,0,0,0,0,0,0,-2.6613,0.097,1.209,0,0,0,-2.0873,2.0463,-1.02,-0.0364,8.9095,-0.4568,-8.4132,0.3135,0.0185,4.1725,-1.3658,0,3.6859,-0.4954,0,0,0,3.0392,-1.2749,-0.0123,-0.0352,0.0019,-0.0181,-0.0034,0.0001,0,-0.048,0.0012,0,,
56,1,1,0.1437,3,4.80E+07,4000,388508.875,0,0,0.7519,3.2,0.4863,6.58,6.58,0,0,0,0,-20,-20,20,20,-15,-2.2414,0.1437,1.3851,1.3851,1.4987,0,0,0,-1.8066,1.918,-0.9419,-0.0641,9.0981,-0.4775,-8.9322,0.4783,0.0314,4.5195,-1.5413,-0.3128,3.7509,-0.5107,0,0,0,3.3167,-1.3423,-0.0254,-0.0162,-0.0056,-0.0318,-0.0042,0.0012,0.0006,-0.1004,0.0167,0.0273,-1.4057,0.0502,1.228,0,0,0,-1.04,1.55,-0.671,-0.0357,6.8938,-0.3481,-5.2503,0.1877,0,3.5865,-1.3527,0,3.5411,-0.4896,0,0,0,3.4221,-1.2871,0,0,0,0,0,0,0,0,0,0,-1.9053,0.0608,1.2393,0,0,0,-1.5196,1.6902,-0.8991,-0.0319,8.8797,-0.4131,-8.0969,0.267,0.014,3.7779,-1.3551,0,3.6859,-0.4954,0,0,0,3.0772,-1.2774,-0.0096,-0.0182,0.001,-0.0159,-0.0027,0.0001,0,-0.0358,0.0008,0,,
57,1,1,0.1013,3,4.80E+07,4000,388508.875,0,0,0.7519,3.2,0.4863,6.58,6.58,0,0,0,0,-20,-20,20,20,-10,-1.425,0.1013,1.3993,1.3993,1.5151,0,0,0,-1.1603,1.6255,-0.7139,-0.0711,8.675,-0.4212,-7.7898,0.3521,0.0181,4.0503,-1.4884,-0.2361,3.7509,-0.5107,0,0,0,3.3765,-1.3503,-0.0202,-0.0036,-0.0056,-0.0287,-0.0028,0.0006,0.0004,-0.0834,0.015,0.0255,-0.7841,0.0194,1.2503,0,0,0,-0.5551,1.3675,-0.4059,-0.0247,6.3075,-0.2763,-4.4567,0.1106,0,3.5865,-1.3527,0,3.5411,-0.4896,0,0,0,3.4221,-1.2871,0,0,0,0,0,0,0,0,0,0,-1.1115,0.0249,1.2616,0,0,0,-0.8756,1.4354,-0.61,-0.0224,8.3274,-0.3281,-7.0651,0.1706,0.0059,3.4968,-1.3495,0,3.6859,-0.4954,0,0,0,3.1099,-1.2799,-0.0065,-0.0049,0.0004,-0.014,-0.0019,0.0001,0,-0.0236,0.0004,0,,
58,1,1,0.0702,3,4.80E+07,4000,388508.875,0,0,0.7519,3.2,0.4863,6.58,6.58,0,0,0,0,-20,-20,20,20,-5,-0.7272,0.0702,1.398,1.398,1.5152,0,0,0,-0.6025,1.4561,-0.4138,-0.0966,6.9215,-0.2818,-6.1915,0.2161,0.0001,3.7715,-1.4473,-0.1681,3.7509,-0.5107,0,0,0,3.4719,-1.3593,-0.0139,-0.0018,-0.0048,-0.0233,-0.0027,0.0003,0.0003,-0.0641,0.0128,0.0227,-0.3046,0.002,1.264,0,0,0,-0.1933,1.2857,-0.1504,-0.0065,4.4914,-0.1109,-3.5024,0.0244,0,3.5865,-1.3527,0,3.5411,-0.4896,0,0,0,3.4221,-1.2871,0,0,0,0,0,0,0,0,0,0,-0.4516,0.0036,1.2753,0,0,0,-0.3387,1.3098,-0.2586,-0.0079,6.3658,-0.1426,-5.5382,0.0573,-0.0004,3.3815,-1.3492,0,3.6859,-0.4954,0,0,0,3.1758,-1.2831,-0.003,-0.0017,0.0001,-0.0107,-0.0019,0.0001,0,-0.0115,0.0002,0,,
59,1,1,0.0522,3,4.80E+07,4000,388508.875,0,0,0.7519,3.2,0.4863,6.58,6.58,0,0,0,0,-20,-20,20,20,0,-0.2165,0.0522,1.3778,1.3778,1.4954,0,0,0,-0.2165,1.3778,-0.1572,-0.2409,5.8471,-0.2039,-5.451,0.1799,0,3.6894,-1.4215,-0.118,3.7509,-0.5107,0,0,0,3.5668,-1.366,-0.0074,0,-0.004,-0.0174,-0.0008,0.0002,0.0003,-0.0419,0.01,0.0182,0,0,1.2686,0,0,0,0,1.2686,0,-0.0065,3.491,-0.0227,-3.331,0.0086,0,3.5865,-1.3527,0,3.5411,-0.4896,0,0,0,3.4221,-1.2871,0,0,0,0,0,0,0,0,0,0,0,0,1.2799,0,0,0,0,1.2799,0,-0.0079,5.175,-0.0411,-4.7591,0.0127,0,3.4176,-1.3529,0,3.6859,-0.4954,0,0,0,3.2531,-1.2873,0,0,0,-0.0071,0,0,0,0,0,0,,
60,1,1,0.0346,3,4.80E+07,4000,388508.875,0,0,0.7519,3.2,0.4863,6.58,6.58,0,0,0,0,-20,-20,20,20,5,0.2933,0.0346,1.3474,1.3474,1.4646,0,0,0,0.1748,1.3679,0.1278,0.118,6.9066,-0.2697,-6.254,0.2304,0.0002,3.6158,-1.4034,-0.0925,3.7509,-0.5107,0,0,0,3.5012,-1.3633,-0.0007,0.002,-0.0049,-0.0229,0.0018,0,0.0001,-0.0183,0.007,0.0129,0.3046,-0.002,1.264,0,0,0,0.1933,1.2857,0.1504,-0.0065,4.4914,-0.1109,-3.5024,0.0244,0,3.5865,-1.3527,0,3.5411,-0.4896,0,0,0,3.4221,-1.2871,0,0,0,0,0,0,0,0,0,0,0.4516,-0.0036,1.2753,0,0,0,0.3387,1.3098,0.2586,-0.0079,6.3658,-0.1426,-5.5382,0.0573,0.0004,3.4013,-1.3495,0,3.6859,-0.4954,0,0,0,3.1758,-1.2831,0.003,0.0017,-0.0001,-0.0107,0.0019,-0.0001,0,0.0115,-0.0002,0,,
61,1,1,0.0051,3,4.80E+07,4000,388508.875,0,0,0.7519,3.2,0.4863,6.58,6.58,0,0,0,0,-20,-20,20,20,10,0.9893,0.0051,1.3177,1.3177,1.4335,0,0,0,0.7455,1.4695,0.5073,0.0051,8.6389,-0.3968,-7.8346,0.3518,-0.0199,3.6842,-1.3874,-0.0632,3.7509,-0.5107,0,0,0,3.3942,-1.349,0.0062,-0.001,-0.0038,-0.0265,0.0007,0.0006,0.0005,-0.0021,0.0058,0.0109,0.7841,-0.0194,1.2503,0,0,0,0.5551,1.3675,0.4059,-0.0247,6.3075,-0.2763,-4.4567,0.1106,0,3.5865,-1.3527,0,3.5411,-0.4896,0,0,0,3.4221,-1.2871,0,0,0,0,0,0,0,0,0,0,1.1115,-0.0249,1.2616,0,0,0,0.8756,1.4354,0.61,-0.0224,8.3274,-0.3281,-7.0651,0.1706,-0.0059,3.5362,-1.3501,0,3.6859,-0.4954,0,0,0,3.1099,-1.2799,0.0065,0.0049,-0.0004,-0.014,0.0019,-0.0001,0,0.0236,-0.0004,0,,
62,1,1,-0.0346,3,4.80E+07,4000,388508.875,0,0,0.7519,3.2,0.4863,6.58,6.58,0,0,0,0,-20,-20,20,20,15,1.8013,-0.0346,1.2871,1.2871,1.4007,0,0,0,1.4068,1.7095,0.823,-0.0192,9.0346,-0.4422,-8.9104,0.4554,-0.0386,3.9473,-1.3832,-0.0463,3.7509,-0.5107,0,0,0,3.3334,-1.3388,0.012,0.0074,-0.0032,-0.0283,0.0018,0.001,0.0004,0.0141,0.0047,0.0091,1.4057,-0.0502,1.228,0,0,0,1.04,1.55,0.671,-0.0357,6.8938,-0.3481,-5.2503,0.1877,0,3.5865,-1.3527,0,3.5411,-0.4896,0,0,0,3.4221,-1.2871,0,0,0,0,0,0,0,0,0,0,1.9053,-0.0608,1.2393,0,0,0,1.5196,1.6902,0.8991,-0.0319,8.8797,-0.4131,-8.0969,0.267,-0.014,3.8375,-1.3563,0,3.6859,-0.4954,0,0,0,3.0772,-1.2774,0.0096,0.0182,-0.001,-0.0159,0.0027,-0.0001,0,0.0358,-0.0008,0,,
63,1,1,-0.0721,3,4.80E+07,4000,388508.875,0,0,0.7519,3.2,0.4863,6.58,6.58,0,0,0,0,-20,-20,20,20,20,2.5662,-0.0721,1.2527,1.2527,1.3633,0,0,0,1.983,2.0549,0.965,-0.0281,8.893,-0.4406,-9.2106,0.4975,-0.0461,4.3333,-1.3856,-0.0337,3.7509,-0.5107,0,0,0,3.2754,-1.3309,0.0167,0.0254,-0.0043,-0.0307,0.004,0.0012,-0.0003,0.0311,0.0032,0.0071,1.9874,-0.0801,1.1977,0,0,0,1.4579,1.8052,0.8076,-0.0403,6.9143,-0.3808,-5.4624,0.2203,0,3.5865,-1.3527,0,3.5411,-0.4896,0,0,0,3.4221,-1.2871,0,0,0,0,0,0,0,0,0,0,2.6613,-0.097,1.209,0,0,0,2.0873,2.0463,1.02,-0.0364,8.9095,-0.4568,-8.4132,0.3135,-0.0185,4.2525,-1.3677,0,3.6859,-0.4954,0,0,0,3.0392,-1.2749,0.0123,0.0352,-0.0019,-0.0181,0.0033,-0.0001,0,0.048,-0.0012,0,,
64,1,1,-0.1115,3,4.80E+07,4000,388508.875,0,0,0.7519,3.2,0.4863,6.58,6.58,0,0,0,0,-20,-20,20,20,25,3.3534,-0.1115,1.2199,1.2199,1.3266,0,0,0,2.5237,2.5229,1.0003,-0.0333,9.0082,-0.4315,-9.3644,0.52,-0.0465,4.7948,-1.3853,-0.0107,3.7509,-0.5107,0,0,0,3.2019,-1.3217,0.02,0.0675,-0.0087,-0.0333,0.005,0.0022,-0.0003,0.0411,0.0035,0.008,2.6125,-0.1167,1.1604,0,0,0,1.8774,2.1558,0.8708,-0.0447,7.3084,-0.4511,-5.6044,0.2503,0,3.5865,-1.3527,0,3.5411,-0.4896,0,0,0,3.4221,-1.2871,0,0,0,0,0,0,0,0,0,0,3.4603,-0.1406,1.1717,0,0,0,2.6409,2.5243,1.0462,-0.0406,9.3568,-0.5374,-8.6533,0.3551,-0.022,4.769,-1.3847,0,3.6859,-0.4954,0,0,0,2.9912,-1.272,0.0146,0.0641,-0.0032,-0.0208,0.0044,-0.0002,0,0.0605,-0.0017,0,,
65,1,1,-0.1474,3,4.80E+07,4000,388508.875,0,0,0.7519,3.2,0.4863,6.58,6.58,0,0,0,0,-20,-20,20,20,30,4.1384,-0.1474,1.1967,1.1967,1.2986,0,0,0,2.9856,3.1056,0.9614,-0.0356,8.9823,-0.3907,-9.3492,0.5281,-0.0441,5.2651,-1.361,0.0565,3.7509,-0.5107,0,0,0,3.1067,-1.3088,0.0212,0.1394,-0.0191,-0.0353,0.0072,0.0036,-0.0008,0.0467,0.0051,0.011,3.2629,-0.1588,1.1172,0,0,0,2.2672,2.599,0.8723,-0.0487,7.5973,-0.5156,-5.653,0.2753,0,3.5865,-1.3527,0,3.5411,-0.4896,0,0,0,3.4221,-1.2871,0,0,0,0,0,0,0,0,0,0,4.2944,-0.1908,1.1285,0,0,0,3.1548,3.1245,1.0097,-0.0444,9.7604,-0.6131,-8.7552,0.3888,-0.0259,5.4022,-1.4079,0,3.6859,-0.4954,0,0,0,2.9382,-1.269,0.0165,0.0988,-0.0048,-0.0237,0.0052,-0.0002,0,0.0735,-0.0023,0,,
66,1,1,0.256,4,5.80E+07,5000,605437.8125,0,0,0.7519,3.2,0.4863,6.58,6.58,0,0,0,0,-20,-20,20,20,-30,-4.2929,0.256,1.2519,1.2519,1.319,0,0,0,-3.0918,3.2306,-0.957,-0.0596,9.8011,-0.6121,-9.1257,0.6368,0.0363,6.0678,-1.5766,-0.4496,3.4985,-0.4758,0,0,0,2.8028,-1.1516,-0.0266,-0.2261,0.0285,-0.0405,-0.0087,0.0056,0.0016,-0.1326,0.0176,0.0221,-3.0744,0.1353,1.1223,0,0,0,-2.1014,2.5092,-0.8375,-0.044,8.2928,-0.5654,-5.327,0.2346,0,3.241,-1.2102,0,3.2887,-0.4547,0,0,0,3.0661,-1.1403,0,0,0,0,0,0,0,0,0,0,-4.0222,0.1853,1.1325,0,0,0,-2.9171,2.9919,-0.975,-0.0461,10.292,-0.7003,-8.1671,0.397,0.0192,5.0223,-1.3038,0,3.4336,-0.4605,0,0,0,2.6833,-1.1182,-0.0155,-0.1085,0.007,-0.0218,-0.0049,0.0003,0,-0.0813,0.0043,0,,
67,1,1,0.2057,4,5.80E+07,5000,605437.8125,0,0,0.7519,3.2,0.4863,6.58,6.58,0,0,0,0,-20,-20,20,20,-25,-3.4674,0.2057,1.303,1.303,1.3732,0,0,0,-2.5918,2.6463,-0.9794,-0.0593,9.118,-0.5417,-8.8133,0.584,0.028,5.4234,-1.5241,-0.4393,3.4985,-0.4758,0,0,0,2.9494,-1.1795,-0.03,-0.0938,0.0031,-0.0382,-0.0083,0.0038,0.0018,-0.1264,0.0182,0.0258,-2.3876,0.0909,1.1594,0,0,0,-1.6739,2.0599,-0.8126,-0.0381,7.4479,-0.4519,-5.1224,0.1952,0,3.241,-1.2102,0,3.2887,-0.4547,0,0,0,3.0661,-1.1403,0,0,0,0,0,0,0,0,0,0,-3.1656,0.1298,1.1696,0,0,0,-2.3748,2.3979,-0.9904,-0.041,9.3394,-0.5735,-7.8463,0.3446,0.0158,4.4068,-1.2677,0,3.4336,-0.4605,0,0,0,2.7399,-1.1223,-0.0136,-0.0688,0.0043,-0.0188,-0.0042,0.0002,0,-0.0668,0.0033,0,,
68,1,1,0.1615,4,5.80E+07,5000,605437.8125,0,0,0.7519,3.2,0.4863,6.58,6.58,0,0,0,0,-20,-20,20,20,-20,-2.7014,0.1615,1.3392,1.3392,1.412,0,0,0,-2.0805,2.1824,-0.9533,-0.0598,8.4972,-0.4788,-8.4883,0.5319,0.0204,4.7567,-1.4526,-0.3702,3.4985,-0.4758,0,0,0,2.9977,-1.1834,-0.0267,-0.0528,-0.0007,-0.0333,-0.0041,0.0019,0.0005,-0.1095,0.0164,0.0246,-1.7745,0.0565,1.1914,0,0,0,-1.26,1.7265,-0.7298,-0.0318,6.6215,-0.3429,-4.8778,0.1554,0,3.241,-1.2102,0,3.2887,-0.4547,0,0,0,3.0661,-1.1403,0,0,0,0,0,0,0,0,0,0,-2.3921,0.0852,1.2016,0,0,0,-1.8369,1.9473,-0.9433,-0.0356,8.4483,-0.4526,-7.5078,0.2917,0.0128,3.9055,-1.2403,0,3.4336,-0.4605,0,0,0,2.7841,-1.1257,-0.0114,-0.0391,0.0025,-0.0164,-0.003,0.0002,0,-0.0529,0.0025,0,,
69,1,1,0.1221,4,5.80E+07,5000,605437.8125,0,0,0.7519,3.2,0.4863,6.58,6.58,0,0,0,0,-20,-20,20,20,-15,-1.9843,0.1221,1.3592,1.3592,1.434,0,0,0,-1.5649,1.8265,-0.8568,-0.0615,8.0123,-0.4231,-7.8966,0.4385,0.0267,4.1986,-1.3896,-0.2979,3.4985,-0.4758,0,0,0,3.0663,-1.1928,-0.0224,-0.0196,-0.0032,-0.0298,-0.0042,0.0013,0.0008,-0.0948,0.0151,0.0243,-1.2319,0.0311,1.2174,0,0,0,-0.8748,1.4948,-0.5853,-0.0252,5.9467,-0.2536,-4.6008,0.1164,0,3.241,-1.2102,0,3.2887,-0.4547,0,0,0,3.0661,-1.1403,0,0,0,0,0,0,0,0,0,0,-1.6911,0.0508,1.2276,0,0,0,-1.3157,1.6234,-0.8105,-0.03,7.7581,-0.3519,-7.0802,0.2358,0.0117,3.5193,-1.2211,0,3.4336,-0.4605,0,0,0,2.8224,-1.1286,-0.0086,-0.0112,0.0009,-0.014,-0.0025,0.0001,0,-0.0394,0.0017,0,,
70,1,1,0.0876,4,5.80E+07,5000,605437.8125,0,0,0.7519,3.2,0.4863,6.58,6.58,0,0,0,0,-20,-20,20,20,-10,-1.303,0.0876,1.367,1.367,1.4433,0,0,0,-1.0458,1.5725,-0.6651,-0.0672,7.6834,-0.3721,-7.1894,0.3511,0.0172,3.7537,-1.3349,-0.2245,3.4985,-0.4758,0,0,0,3.119,-1.1995,-0.0179,-0.0117,-0.0041,-0.0261,-0.0034,0.0008,0.0007,-0.0765,0.0131,0.0223,-0.7366,0.0122,1.2366,0,0,0,-0.5106,1.3457,-0.3795,-0.0166,5.4808,-0.1901,-4.184,0.0698,0,3.241,-1.2102,0,3.2887,-0.4547,0,0,0,3.0661,-1.1403,0,0,0,0,0,0,0,0,0,0,-1.038,0.0238,1.2467,0,0,0,-0.8058,1.408,-0.5723,-0.023,7.3161,-0.2764,-6.45,0.1687,0.005,3.2464,-1.2094,0,3.4336,-0.4605,0,0,0,2.8536,-1.1311,-0.006,-0.0081,0.0005,-0.012,-0.0019,0.0001,0,-0.0261,0.001,0,,
71,1,1,0.0571,4,5.80E+07,5000,605437.8125,0,0,0.7519,3.2,0.4863,6.58,6.58,0,0,0,0,-20,-20,20,20,-5,-0.6433,0.0571,1.3637,1.3637,1.4409,0,0,0,-0.522,1.4146,-0.369,-0.0888,6.4959,-0.2721,-5.7247,0.2031,0.0002,3.4674,-1.2952,-0.1631,3.4985,-0.4758,0,0,0,3.1717,-1.2058,-0.0123,-0.0014,-0.0048,-0.0221,-0.0019,0.0001,-0.0001,-0.0526,0.0099,0.0179,-0.2753,-0.0021,1.2483,0,0,0,-0.1655,1.2675,-0.1305,0.0076,4.2187,-0.07,-3.1684,-0.0219,0,3.241,-1.2102,0,3.2887,-0.4547,0,0,0,3.0661,-1.1403,0,0,0,0,0,0,0,0,0,0,-0.4141,0.0025,1.2584,0,0,0,-0.3029,1.2897,-0.2348,-0.0061,5.9448,-0.1365,-5.0839,0.0496,-0.0005,3.1019,-1.2048,0,3.4336,-0.4605,0,0,0,2.8855,-1.1336,-0.0028,-0.0018,0.0001,-0.0099,-0.002,0.0001,0,-0.0126,0.0004,0,,
72,1,1,0.0401,4,5.80E+07,5000,605437.8125,0,0,0.7519,3.2,0.4863,6.58,6.58,0,0,0,0,-20,-20,20,20,0,-0.1689,0.0401,1.3412,1.3412,1.4186,0,0,0,-0.1689,1.3412,-0.1259,-0.2375,5.3931,-0.1835,-5.0333,0.1613,0,3.3913,-1.2752,-0.1237,3.4985,-0.4758,0,0,0,3.2515,-1.2138,-0.006,0,-0.0041,-0.0171,-0.0016,0.0004,0.0007,-0.0351,0.0083,0.0157,0,0,1.2522,0,0,0,0,1.2522,0,0.0076,3.1547,0.0239,-2.9845,-0.0389,0,3.241,-1.2102,0,3.2887,-0.4547,0,0,0,3.0661,-1.1403,0,0,0,0,0,0,0,0,0,0,0,0,1.2624,0,0,0,0,1.2624,0,-0.0061,4.7457,-0.029,-4.3448,-0.0027,0,3.1155,-1.2072,0,3.4336,-0.4605,0,0,0,2.9406,-1.1374,0,0,0,-0.0067,0,0,0,0,0,0,,
73,1,1,0.0251,4,5.80E+07,5000,605437.8125,0,0,0.7519,3.2,0.4863,6.58,6.58,0,0,0,0,-20,-20,20,20,5,0.298,0.0251,1.3133,1.3133,1.3905,0,0,0,0.1824,1.3343,0.1367,0.0843,6.404,-0.2432,-5.6567,0.1859,0,3.2989,-1.2487,-0.0778,3.4985,-0.4758,0,0,0,3.1426,-1.196,0,0.0014,-0.0038,-0.0197,0.0007,0.0002,0.0006,-0.0117,0.0053,0.0108,0.2753,0.0021,1.2483,0,0,0,0.1655,1.2675,0.1305,0.0076,4.2187,-0.07,-3.1684,-0.0219,0,3.241,-1.2102,0,3.2887,-0.4547,0,0,0,3.0661,-1.1403,0,0,0,0,0,0,0,0,0,0,0.4141,-0.0025,1.2584,0,0,0,0.3029,1.2897,0.2348,-0.0061,5.9448,-0.1365,-5.0839,0.0496,0.0005,3.1245,-1.2056,0,3.4336,-0.4605,0,0,0,2.8855,-1.1336,0.0028,0.0018,-0.0001,-0.0099,0.002,-0.0001,0,0.0126,-0.0004,0,,
74,1,1,-0.0023,4,5.80E+07,5000,605437.8125,0,0,0.7519,3.2,0.4863,6.58,6.58,0,0,0,0,-20,-20,20,20,10,0.9492,-0.0023,1.2891,1.2891,1.3653,0,0,0,0.711,1.4343,0.4957,-0.0025,7.5746,-0.3336,-7.0481,0.3069,-0.017,3.4103,-1.2404,-0.0521,3.4985,-0.4758,0,0,0,3.0677,-1.1822,0.0059,0.0017,-0.0025,-0.0211,0.0009,0.0004,0.0004,0.0077,0.0034,0.0081,0.7366,-0.0122,1.2366,0,0,0,0.5106,1.3457,0.3795,-0.0166,5.4808,-0.1901,-4.184,0.0698,0,3.241,-1.2102,0,3.2887,-0.4547,0,0,0,3.0661,-1.1403,0,0,0,0,0,0,0,0,0,0,1.038,-0.0238,1.2467,0,0,0,0.8058,1.408,0.5723,-0.023,7.3161,-0.2764,-6.45,0.1687,-0.005,3.2927,-1.2112,0,3.4336,-0.4605,0,0,0,2.8536,-1.1311,0.006,0.0081,-0.0005,-0.012,0.0019,-0.0001,0,0.0261,-0.001,0,,
75,1,1,-0.0331,4,5.80E+07,5000,605437.8125,0,0,0.7519,3.2,0.4863,6.58,6.58,0,0,0,0,-20,-20,20,20,15,1.62,-0.0331,1.2618,1.2618,1.3366,0,0,0,1.2382,1.6381,0.7559,-0.0204,7.898,-0.3796,-7.6656,0.3691,-0.0293,3.6773,-1.2455,-0.0386,3.4985,-0.4758,0,0,0,3.0101,-1.1728,0.0104,0.0014,-0.0019,-0.0228,0.0018,0.0006,0.0003,0.0246,0.002,0.0065,1.2319,-0.0311,1.2174,0,0,0,0.8748,1.4948,0.5853,-0.0252,5.9467,-0.2536,-4.6008,0.1164,0,3.241,-1.2102,0,3.2887,-0.4547,0,0,0,3.0661,-1.1403,0,0,0,0,0,0,0,0,0,0,1.6911,-0.0508,1.2276,0,0,0,1.3157,1.6234,0.8105,-0.03,7.7581,-0.3519,-7.0802,0.2358,-0.0117,3.5892,-1.2241,0,3.4336,-0.4605,0,0,0,2.8224,-1.1286,0.0086,0.0112,-0.0009,-0.014,0.0025,-0.0001,0,0.0394,-0.0017,0,,
76,1,1,-0.0686,4,5.80E+07,5000,605437.8125,0,0,0.7519,3.2,0.4863,6.58,6.58,0,0,0,0,-20,-20,20,20,20,2.3277,-0.0686,1.2327,1.2327,1.3054,0,0,0,1.7657,1.9544,0.9034,-0.0295,8.4012,-0.4314,-8.1097,0.4281,-0.0337,4.0695,-1.2604,-0.0308,3.4985,-0.4758,0,0,0,2.9624,-1.1671,0.0151,0.0247,-0.0025,-0.0256,0.0025,0.001,0.0002,0.0391,0.0011,0.006,1.7745,-0.0565,1.1914,0,0,0,1.26,1.7265,0.7298,-0.0318,6.6215,-0.3429,-4.8778,0.1554,0,3.241,-1.2102,0,3.2887,-0.4547,0,0,0,3.0661,-1.1403,0,0,0,0,0,0,0,0,0,0,2.3921,-0.0852,1.2016,0,0,0,1.8369,1.9473,0.9433,-0.0356,8.4483,-0.4526,-7.5078,0.2917,-0.0128,3.9987,-1.2446,0,3.4336,-0.4605,0,0,0,2.7841,-1.1257,0.0114,0.0391,-0.0025,-0.0164,0.003,-0.0002,0,0.0529,-0.0025,0,,
77,1,1,-0.1084,4,5.80E+07,5000,605437.8125,0,0,0.7519,3.2,0.4863,6.58,6.58,0,0,0,0,-20,-20,20,20,25,3.0863,-0.1084,1.2069,1.2069,1.2771,0,0,0,2.2871,2.3982,0.9537,-0.0351,8.9297,-0.4556,-8.5139,0.4953,-0.0422,4.5657,-1.2798,-0.0179,3.4985,-0.4758,0,0,0,2.9333,-1.1665,0.0199,0.042,-0.0019,-0.0293,0.0038,0.0018,0.0002,0.05,0.0011,0.0073,2.3876,-0.0909,1.1594,0,0,0,1.6739,2.0599,0.8126,-0.0381,7.4479,-0.4519,-5.1224,0.1952,0,3.241,-1.2102,0,3.2887,-0.4547,0,0,0,3.0661,-1.1403,0,0,0,0,0,0,0,0,0,0,3.1656,-0.1298,1.1696,0,0,0,2.3748,2.3979,0.9904,-0.041,9.3394,-0.5735,-7.8463,0.3446,-0.0158,4.5243,-1.2735,0,3.4336,-0.4605,0,0,0,2.7399,-1.1223,0.0136,0.0688,-0.0043,-0.0188,0.0042,-0.0002,0,0.0668,-0.0033,0,,
78,1,1,-0.1481,4,5.80E+07,5000,605437.8125,0,0,0.7519,3.2,0.4863,6.58,6.58,0,0,0,0,-20,-20,20,20,30,3.8863,-0.1481,1.194,1.194,1.2611,0,0,0,2.7686,2.9772,0.9299,-0.0381,9.4029,-0.4542,-8.8056,0.5421,-0.0445,5.003,-1.2607,0.0696,3.4985,-0.4758,0,0,0,2.8411,-1.1545,0.021,0.1156,-0.0122,-0.0314,0.0064,0.0031,-0.0006,0.0562,0.0025,0.0108,3.0744,-0.1353,1.1223,0,0,0,2.1014,2.5092,0.8375,-0.044,8.2928,-0.5654,-5.327,0.2346,0,3.241,-1.2102,0,3.2887,-0.4547,0,0,0,3.0661,-1.1403,0,0,0,0,0,0,0,0,0,0,4.0222,-0.1853,1.1325,0,0,0,2.9171,2.9919,0.975,-0.0461,10.292,-0.7003,-8.1672,0.397,-0.0192,5.1649,-1.3112,0,3.4336,-0.4605,0,0,0,2.6833,-1.1182,0.0155,0.1085,-0.007,-0.0218,0.0049,-0.0003,0,0.0813,-0.0043,0,,
79,1,1,0.2315,5,6.50E+07,6000,826472.5,0,0,0.7519,3.2,0.4863,6.58,6.58,0,0,0,0,-20,-20,20,20,-30,-3.9013,0.2315,1.2879,1.2879,1.3291,0,0,0,-2.7347,3.066,-0.892,-0.0593,9.4336,-0.6135,-8.3248,0.5906,0.0235,5.2829,-1.4326,-0.4096,3.3002,-0.4484,0,0,0,2.6104,-1.0506,-0.0212,-0.2594,0.0339,-0.0331,-0.0068,0.0051,0.0011,-0.1087,0.0155,0.0198,-2.9351,0.1213,1.1604,0,0,0,-1.9617,2.4725,-0.7934,-0.0413,7.9851,-0.5373,-5.0856,0.2102,0,2.9905,-1.1089,0,3.0905,-0.4273,0,0,0,2.8405,-1.049,0,0,0,0,0,0,0,0,0,0,-3.6375,0.1635,1.1685,0,0,0,-2.5659,2.8307,-0.9064,-0.0449,9.7672,-0.668,-7.3816,0.3571,0.0049,4.3579,-1.1908,0,3.2353,-0.4331,0,0,0,2.5354,-1.0294,-0.013,-0.1323,0.0089,-0.0184,-0.0044,0.0003,0,-0.064,0.0039,0,,
80,1,1,0.1813,5,6.50E+07,6000,826472.5,0,0,0.7519,3.2,0.4863,6.58,6.58,0,0,0,0,-20,-20,20,20,-25,-3.1049,0.1813,1.3315,1.3315,1.3747,0,0,0,-2.2513,2.5189,-0.8938,-0.0584,8.8188,-0.5388,-7.9141,0.5307,0.0154,4.7973,-1.3941,-0.4189,3.3002,-0.4484,0,0,0,2.7823,-1.0835,-0.0245,-0.1276,0.0091,-0.0322,-0.0063,0.0035,0.001,-0.1032,0.0159,0.0232,-2.2631,0.0784,1.194,0,0,0,-1.5464,2.0385,-0.7586,-0.0346,7.4173,-0.4459,-4.8554,0.1683,0,2.9905,-1.1089,0,3.0905,-0.4273,0,0,0,2.8405,-1.049,0,0,0,0,0,0,0,0,0,0,-2.8196,0.1101,1.2021,0,0,0,-2.0474,2.2811,-0.8975,-0.039,8.9777,-0.5561,-6.9596,0.2974,0.0033,3.8551,-1.1577,0,3.2353,-0.4331,0,0,0,2.598,-1.034,-0.0109,-0.0862,0.0056,-0.0152,-0.004,0.0002,0,-0.0509,0.0029,0,,
81,1,1,0.1375,5,6.50E+07,6000,826472.5,0,0,0.7519,3.2,0.4863,6.58,6.58,0,0,0,0,-20,-20,20,20,-20,-2.3621,0.1375,1.364,1.364,1.4087,0,0,0,-1.7532,2.0896,-0.839,-0.0582,8.016,-0.458,-7.27,0.452,0.0133,4.3142,-1.3402,-0.3734,3.3002,-0.4484,0,0,0,2.8961,-1.1013,-0.0232,-0.0574,-0.0007,-0.0287,-0.0047,0.002,0.0006,-0.0907,0.0146,0.0229,-1.6405,0.0435,1.223,0,0,0,-1.1233,1.7103,-0.6568,-0.0265,6.6061,-0.3374,-4.5102,0.1197,0,2.9905,-1.1089,0,3.0905,-0.4273,0,0,0,2.8405,-1.049,0,0,0,0,0,0,0,0,0,0,-2.0705,0.0664,1.2311,0,0,0,-1.5246,1.865,-0.8175,-0.0321,7.9525,-0.428,-6.3437,0.2269,0.0034,3.479,-1.1345,0,3.2353,-0.4331,0,0,0,2.6553,-1.0381,-0.0087,-0.0457,0.0029,-0.0121,-0.0034,0.0002,0,-0.0395,0.0021,0,,
82,1,1,0.1013,5,6.50E+07,6000,826472.5,0,0,0.7519,3.2,0.4863,6.58,6.58,0,0,0,0,-20,-20,20,20,-15,-1.7058,0.1013,1.3806,1.3806,1.4266,0,0,0,-1.2903,1.775,-0.7269,-0.0594,7.0436,-0.3683,-6.5382,0.3605,0.0173,3.8779,-1.2818,-0.299,3.3002,-0.4484,0,0,0,2.9571,-1.1082,-0.0197,-0.025,-0.0034,-0.0241,-0.0032,0.0011,0.0004,-0.0774,0.013,0.0216,-1.11,0.0195,1.2465,0,0,0,-0.7496,1.4913,-0.5026,-0.0176,5.5752,-0.2178,-4.146,0.0731,0,2.9905,-1.1089,0,3.0905,-0.4273,0,0,0,2.8405,-1.049,0,0,0,0,0,0,0,0,0,0,-1.4315,0.0354,1.2546,0,0,0,-1.058,1.5823,-0.6686,-0.0247,6.7638,-0.2921,-5.7181,0.1597,0.0033,3.2138,-1.1193,0,3.2353,-0.4331,0,0,0,2.6968,-1.041,-0.0066,-0.021,0.0013,-0.0096,-0.0022,0.0001,0,-0.0294,0.0015,0,,
83,1,1,0.0732,5,6.50E+07,6000,826472.5,0,0,0.7519,3.2,0.4863,6.58,6.58,0,0,0,0,-20,-20,20,20,-10,-1.1327,0.0732,1.3846,1.3846,1.4315,0,0,0,-0.8751,1.5602,-0.5609,-0.0646,6.5075,-0.3066,-6.0057,0.2987,0.0198,3.5354,-1.2331,-0.2294,3.3002,-0.4484,0,0,0,3.004,-1.115,-0.0161,0.0067,-0.0063,-0.021,-0.0014,0.0006,0.0003,-0.0625,0.011,0.0193,-0.6674,0.0055,1.2638,0,0,0,-0.4378,1.3605,-0.3218,-0.0082,4.9044,-0.1367,-3.7909,0.0314,0,2.9905,-1.1089,0,3.0905,-0.4273,0,0,0,2.8405,-1.049,0,0,0,0,0,0,0,0,0,0,-0.8899,0.0154,1.2719,0,0,0,-0.6555,1.4071,-0.4659,-0.0174,6.0961,-0.202,-5.2061,0.1031,0.0047,3.0296,-1.11,0,3.2353,-0.4331,0,0,0,2.719,-1.0428,-0.0044,0.0014,0,-0.008,-0.0007,0,0,-0.02,0.0009,0,,
84,1,1,0.0478,5,6.50E+07,6000,826472.5,0,0,0.7519,3.2,0.4863,6.58,6.58,0,0,0,0,-20,-20,20,20,-5,-0.57,0.0478,1.3775,1.3775,1.425,0,0,0,-0.4478,1.422,-0.3149,-0.0839,5.6702,-0.2274,-5.0612,0.1867,0.0008,3.2973,-1.2006,-0.1798,3.3002,-0.4484,0,0,0,3.0464,-1.1243,-0.0109,-0.0005,-0.0049,-0.0205,-0.0016,0.0003,0.0005,-0.0475,0.0091,0.017,-0.254,-0.0044,1.2744,0,0,0,-0.142,1.2917,-0.1099,0.0172,3.823,-0.0312,-2.9221,-0.0483,0,2.9905,-1.1089,0,3.0905,-0.4273,0,0,0,2.8405,-1.049,0,0,0,0,0,0,0,0,0,0,-0.3675,0.0001,1.2825,0,0,0,-0.2543,1.3097,-0.1942,-0.0003,5.0976,-0.0885,-4.329,0.0135,0,2.9038,-1.1049,0,3.2353,-0.4331,0,0,0,2.7193,-1.0437,-0.0023,-0.0002,0,-0.0076,-0.0006,0,0,-0.0103,0.0004,0,,
85,1,1,0.0335,5,6.50E+07,6000,826472.5,0,0,0.7519,3.2,0.4863,6.58,6.58,0,0,0,0,-20,-20,20,20,0,-0.1429,0.0335,1.3542,1.3542,1.4018,0,0,0,-0.1429,1.3542,-0.1055,-0.2347,4.8235,-0.1459,-4.5843,0.1255,0,3.1466,-1.1681,-0.1175,3.3002,-0.4484,0,0,0,3.0258,-1.1152,-0.0051,0,-0.0037,-0.0156,-0.0013,0.0003,0.0006,-0.0291,0.0068,0.0133,0,0,1.278,0,0,0,0,1.278,0,0.0172,2.9108,0.05,-2.7649,-0.063,0,2.9905,-1.1089,0,3.0905,-0.4273,0,0,0,2.8405,-1.049,0,0,0,0,0,0,0,0,0,0,0,0,1.2861,0,0,0,0,1.2861,0,-0.0003,4.2111,-0.0014,-3.95,-0.0238,0,2.8905,-1.1059,0,3.2353,-0.4331,0,0,0,2.7406,-1.046,0,0,0,-0.0061,0,0,0,0,0,0,,
86,1,1,0.0224,5,6.50E+07,6000,826472.5,0,0,0.7519,3.2,0.4863,6.58,6.58,0,0,0,0,-20,-20,20,20,5,0.2719,0.0224,1.3287,1.3287,1.3762,0,0,0,0.155,1.3474,0.1151,0.0822,5.5108,-0.1836,-4.8353,0.1324,-0.0006,3.082,-1.1445,-0.0728,3.3002,-0.4484,0,0,0,2.9446,-1.0977,-0.0001,0,-0.0031,-0.0156,-0.0002,0.0002,0.0004,-0.0087,0.004,0.0087,0.254,0.0044,1.2744,0,0,0,0.142,1.2917,0.1099,0.0172,3.823,-0.0312,-2.9221,-0.0483,0,2.9905,-1.1089,0,3.0905,-0.4273,0,0,0,2.8405,-1.049,0,0,0,0,0,0,0,0,0,0,0.3675,-0.0001,1.2825,0,0,0,0.2543,1.3097,0.1942,-0.0003,5.0976,-0.0885,-4.329,0.0135,0,2.9227,-1.1057,0,3.2353,-0.4331,0,0,0,2.7193,-1.0437,0.0023,0.0002,0,-0.0076,0.0006,0,0,0.0103,-0.0004,0,,
87,1,1,0.0015,5,6.50E+07,6000,826472.5,0,0,0.7519,3.2,0.4863,6.58,6.58,0,0,0,0,-20,-20,20,20,10,0.8191,0.0015,1.3065,1.3065,1.3535,0,0,0,0.5798,1.4289,0.4057,0.0018,6.3325,-0.2543,-5.7193,0.2199,-0.0155,3.173,-1.1378,-0.0484,3.3002,-0.4484,0,0,0,2.9012,-1.0858,0.0043,-0.0084,-0.001,-0.0147,-0.0001,0.0004,0.0004,0.005,0.0026,0.0068,0.6674,-0.0055,1.2638,0,0,0,0.4378,1.3605,0.3218,-0.0082,4.9044,-0.1367,-3.7909,0.0314,0,2.9905,-1.1089,0,3.0905,-0.4273,0,0,0,2.8405,-1.049,0,0,0,0,0,0,0,0,0,0,0.8899,-0.0154,1.2719,0,0,0,0.6555,1.4071,0.4659,-0.0174,6.0961,-0.202,-5.2061,0.1031,-0.0047,3.0663,-1.1117,0,3.2353,-0.4331,0,0,0,2.719,-1.0428,0.0044,-0.0014,0,-0.008,0.0007,0,0,0.02,-0.0009,0,,
88,1,1,-0.022,5,6.50E+07,6000,826472.5,0,0,0.7519,3.2,0.4863,6.58,6.58,0,0,0,0,-20,-20,20,20,15,1.3771,-0.022,1.2816,1.2816,1.3276,0,0,0,0.9985,1.5943,0.6263,-0.016,6.8899,-0.3174,-6.2,0.2685,-0.0163,3.3467,-1.1411,-0.0359,3.3002,-0.4484,0,0,0,2.8512,-1.077,0.008,0.011,-0.0013,-0.0158,0.0016,0.0005,0.0003,0.0178,0.0014,0.0052,1.11,-0.0195,1.2465,0,0,0,0.7496,1.4913,0.5026,-0.0176,5.5752,-0.2178,-4.146,0.0731,0,2.9905,-1.1089,0,3.0905,-0.4273,0,0,0,2.8405,-1.049,0,0,0,0,0,0,0,0,0,0,1.4315,-0.0354,1.2546,0,0,0,1.058,1.5823,0.6686,-0.0247,6.7638,-0.2921,-5.7181,0.1597,-0.0033,3.267,-1.1219,0,3.2353,-0.4331,0,0,0,2.6968,-1.041,0.0066,0.021,-0.0013,-0.0096,0.0022,-0.0001,0,0.0294,-0.0015,0,,
89,1,1,-0.0539,5,6.50E+07,6000,826472.5,0,0,0.7519,3.2,0.4863,6.58,6.58,0,0,0,0,-20,-20,20,20,20,2.0217,-0.0539,1.2554,1.2554,1.3002,0,0,0,1.4704,1.8712,0.7858,-0.0267,7.9066,-0.409,-6.8496,0.3401,-0.0205,3.6137,-1.1527,-0.0288,3.3002,-0.4484,0,0,0,2.7995,-1.0712,0.0115,0.0318,-0.0021,-0.0186,0.0031,0.0007,0.0002,0.029,0.0006,0.0047,1.6405,-0.0435,1.223,0,0,0,1.1233,1.7103,0.6568,-0.0265,6.6061,-0.3374,-4.5102,0.1197,0,2.9905,-1.1089,0,3.0905,-0.4273,0,0,0,2.8405,-1.049,0,0,0,0,0,0,0,0,0,0,2.0705,-0.0664,1.2311,0,0,0,1.5246,1.865,0.8175,-0.0321,7.9525,-0.428,-6.3437,0.2269,-0.0034,3.5493,-1.1382,0,3.2353,-0.4331,0,0,0,2.6553,-1.0381,0.0087,0.0457,-0.0029,-0.0121,0.0035,-0.0002,0,0.0395,-0.0021,0,,
90,1,1,-0.0934,5,6.50E+07,6000,826472.5,0,0,0.7519,3.2,0.4863,6.58,6.58,0,0,0,0,-20,-20,20,20,25,2.7572,-0.0934,1.2324,1.2324,1.2756,0,0,0,1.978,2.2821,0.8667,-0.0339,8.602,-0.4501,-7.5713,0.4333,-0.028,3.9674,-1.165,-0.0103,3.3002,-0.4484,0,0,0,2.7507,-1.0686,0.0156,0.0669,-0.0039,-0.0227,0.0038,0.0014,0.0001,0.0373,0.0007,0.0061,2.2631,-0.0784,1.194,0,0,0,1.5464,2.0385,0.7586,-0.0346,7.4173,-0.4459,-4.8555,0.1683,0,2.9905,-1.1089,0,3.0905,-0.4273,0,0,0,2.8405,-1.049,0,0,0,0,0,0,0,0,0,0,2.8196,-0.1101,1.2021,0,0,0,2.0474,2.2811,0.8975,-0.039,8.9777,-0.5561,-6.9596,0.2974,-0.0033,3.9443,-1.1628,0,3.2353,-0.4331,0,0,0,2.598,-1.034,0.0109,0.0862,-0.0056,-0.0152,0.004,-0.0002,0,0.0509,-0.0029,0,,
91,1,1,-0.1325,5,6.50E+07,6000,826472.5,0,0,0.7519,3.2,0.4863,6.58,6.58,0,0,0,0,-20,-20,20,20,30,3.5231,-0.1325,1.2217,1.2217,1.263,0,0,0,2.4402,2.8196,0.8655,-0.0376,8.9505,-0.4451,-8.1402,0.5254,-0.0385,4.2084,-1.1224,0.1155,3.3002,-0.4484,0,0,0,2.6498,-1.0556,0.0161,0.1615,-0.018,-0.024,0.0053,0.0027,-0.0004,0.0382,0.0031,0.0114,2.9351,-0.1213,1.1604,0,0,0,1.9617,2.4725,0.7934,-0.0413,7.9851,-0.5373,-5.0856,0.2102,0,2.9905,-1.1089,0,3.0905,-0.4273,0,0,0,2.8405,-1.049,0,0,0,0,0,0,0,0,0,0,3.6375,-0.1635,1.1685,0,0,0,2.5659,2.8307,0.9064,-0.0449,9.7672,-0.668,-7.3816,0.3571,-0.0049,4.4693,-1.1974,0,3.2353,-0.4331,0,0,0,2.5354,-1.0294,0.013,0.1323,-0.0089,-0.0184,0.0044,-0.0003,0,0.064,-0.0039,0,,
92,1,1,0.223,6,6.30E+07,8000,898672.5625,0,0,0.7519,3.2,0.4863,6.58,6.58,0,0,0,0,-20,-20,20,20,-30,-3.7754,0.223,1.3176,1.3176,1.3463,0,0,0,-2.6107,3.0288,-0.862,-0.0591,9.3916,-0.615,-8.4659,0.6239,0.0338,5.0259,-1.3507,-0.3924,3.1379,-0.4259,0,0,0,2.4179,-0.9903,-0.0217,-0.2585,0.0324,-0.0342,-0.0086,0.0052,0.0012,-0.1056,0.0148,0.019,-2.8216,0.1151,1.1969,0,0,0,-1.8451,2.4474,-0.7539,-0.0408,7.8677,-0.5309,-4.889,0.1995,0,2.8153,-1.0413,0,2.9281,-0.4048,0,0,0,2.7001,-0.9953,0,0,0,0,0,0,0,0,0,0,-3.5286,0.1596,1.2039,0,0,0,-2.4539,2.8069,-0.8742,-0.0452,9.7437,-0.6741,-7.4383,0.3688,0.006,4.158,-1.1256,0,3.0729,-0.4107,0,0,0,2.3556,-0.9723,-0.0133,-0.1422,0.0101,-0.02,-0.0061,0.0004,0,-0.0636,0.004,0,,
93,1,1,0.1728,6,6.30E+07,8000,898672.5625,0,0,0.7519,3.2,0.4863,6.58,6.58,0,0,0,0,-20,-20,20,20,-25,-2.9847,0.1728,1.3599,1.3599,1.3899,0,0,0,-2.1304,2.4939,-0.8542,-0.0579,8.7281,-0.5348,-7.9231,0.5522,0.022,4.5405,-1.3116,-0.4022,3.1379,-0.4259,0,0,0,2.602,-1.024,-0.0251,-0.1317,0.008,-0.0327,-0.0065,0.0035,0.001,-0.098,0.0149,0.0219,-2.1616,0.0729,1.2282,0,0,0,-1.44,2.0266,-0.7105,-0.0337,7.2591,-0.4373,-4.6378,0.1565,0,2.8153,-1.0413,0,2.9281,-0.4048,0,0,0,2.7001,-0.9953,0,0,0,0,0,0,0,0,0,0,-2.7146,0.1058,1.2352,0,0,0,-1.9383,2.2667,-0.8551,-0.039,8.9104,-0.5582,-6.8938,0.3004,0.0024,3.6541,-1.0909,0,3.0729,-0.4107,0,0,0,2.4309,-0.978,-0.0113,-0.0998,0.0067,-0.0161,-0.0044,0.0003,0,-0.0498,0.003,0,,
94,1,1,0.1296,6,6.30E+07,8000,898672.5625,0,0,0.7519,3.2,0.4863,6.58,6.58,0,0,0,0,-20,-20,20,20,-20,-2.252,0.1296,1.3914,1.3914,1.4225,0,0,0,-1.6403,2.0777,-0.7895,-0.0576,8.0073,-0.4574,-7.2538,0.4689,0.018,4.0771,-1.2631,-0.3681,3.1379,-0.4259,0,0,0,2.7413,-1.048,-0.0249,-0.0517,-0.0044,-0.0303,-0.0054,0.0023,0.0013,-0.0901,0.0147,0.024,-1.5546,0.0388,1.2552,0,0,0,-1.0316,1.7112,-0.6028,-0.025,6.5313,-0.3368,-4.2743,0.1069,0,2.8153,-1.0413,0,2.9281,-0.4048,0,0,0,2.7001,-0.9953,0,0,0,0,0,0,0,0,0,0,-1.9733,0.0622,1.2622,0,0,0,-1.4226,1.861,-0.7644,-0.0315,7.9831,-0.437,-6.2592,0.2271,0.0016,3.2699,-1.0662,0,3.0729,-0.4107,0,0,0,2.4914,-0.9826,-0.0088,-0.0581,0.0038,-0.013,-0.0025,0.0002,0,-0.0374,0.0021,0,,
95,1,1,0.093,6,6.30E+07,8000,898672.5625,0,0,0.7519,3.2,0.4863,6.58,6.58,0,0,0,0,-20,-20,20,20,-15,-1.5871,0.093,1.4083,1.4083,1.4403,0,0,0,-1.1686,1.7711,-0.6598,-0.0586,6.9762,-0.3655,-6.3376,0.3628,0.0247,3.6723,-1.2117,-0.3067,3.1379,-0.4259,0,0,0,2.8307,-1.0599,-0.0215,0.0016,-0.0095,-0.0257,-0.0041,0.0012,0.0005,-0.0731,0.0123,0.0211,-1.0216,0.0141,1.2771,0,0,0,-0.6563,1.498,-0.4381,-0.0138,5.4648,-0.2152,-3.8166,0.0529,0,2.8153,-1.0413,0,2.9281,-0.4048,0,0,0,2.7001,-0.9953,0,0,0,0,0,0,0,0,0,0,-1.3212,0.0296,1.2841,0,0,0,-0.9438,1.5823,-0.5965,-0.0224,6.7195,-0.2955,-5.4542,0.1462,0.0036,3.0037,-1.0505,0,3.0729,-0.4107,0,0,0,2.5447,-0.9864,-0.0062,-0.0181,0.0012,-0.0099,-0.0031,0.0002,0,-0.0272,0.0014,0,,
96,1,1,0.0659,6,6.30E+07,8000,898672.5625,0,0,0.7519,3.2,0.4863,6.58,6.58,0,0,0,0,-20,-20,20,20,-10,-1.0343,0.0659,1.4104,1.4104,1.443,0,0,0,-0.7736,1.5686,-0.4932,-0.0637,6.0595,-0.2857,-5.6072,0.2939,0.0184,3.3814,-1.1717,-0.2488,3.1379,-0.4259,0,0,0,2.9114,-1.0707,-0.0163,0.0055,-0.0075,-0.0219,-0.0018,0.0006,0.0003,-0.0588,0.0103,0.0189,-0.6007,0.0012,1.2933,0,0,0,-0.367,1.3779,-0.2664,-0.0021,4.483,-0.1089,-3.4125,0.0075,0,2.8153,-1.0413,0,2.9281,-0.4048,0,0,0,2.7001,-0.9953,0,0,0,0,0,0,0,0,0,0,-0.8004,0.0106,1.3003,0,0,0,-0.5624,1.4195,-0.3962,-0.0132,5.6105,-0.1733,-4.7059,0.0758,0.0026,2.8425,-1.042,0,3.0729,-0.4107,0,0,0,2.5847,-0.9892,-0.0041,-0.0037,0.0003,-0.0074,-0.0012,0.0001,0,-0.0178,0.0008,0,,
97,1,1,0.0431,6,6.30E+07,8000,898672.5625,0,0,0.7519,3.2,0.4863,6.58,6.58,0,0,0,0,-20,-20,20,20,-5,-0.5295,0.0431,1.3995,1.3995,1.4325,0,0,0,-0.4055,1.4403,-0.2816,-0.0814,5.1819,-0.2043,-4.7389,0.1768,0.0009,3.1216,-1.1305,-0.1792,3.1379,-0.4259,0,0,0,2.9186,-1.0704,-0.0101,-0.001,-0.0046,-0.0193,-0.0025,0.0006,0.001,-0.047,0.0092,0.0177,-0.2391,-0.0049,1.3032,0,0,0,-0.1247,1.319,-0.0945,0.0206,3.4414,-0.0071,-2.7477,-0.055,0,2.8153,-1.0413,0,2.9281,-0.4048,0,0,0,2.7001,-0.9953,0,0,0,0,0,0,0,0,0,0,-0.3419,-0.0007,1.3101,0,0,0,-0.2265,1.335,-0.1696,0.002,4.5851,-0.0607,-3.9945,0.0022,0.0001,2.7358,-1.0375,0,3.0729,-0.4107,0,0,0,2.5894,-0.9902,-0.0021,0.0002,0,-0.0068,-0.0002,0,0,-0.009,0.0004,0,,
98,1,1,0.0302,6,6.30E+07,8000,898672.5625,0,0,0.7519,3.2,0.4863,6.58,6.58,0,0,0,0,-20,-20,20,20,0,-0.1297,0.0302,1.3761,1.3761,1.4093,0,0,0,-0.1297,1.3761,-0.0943,-0.2327,4.5133,-0.1313,-4.1936,0.1107,0,2.9864,-1.0996,-0.1178,3.1379,-0.4259,0,0,0,2.8962,-1.0594,-0.0047,0,-0.0034,-0.0136,-0.0009,0.0002,0.0004,-0.025,0.0058,0.0117,0,0,1.3065,0,0,0,0,1.3065,0,0.0206,2.7403,0.0564,-2.6282,-0.0666,0,2.8153,-1.0413,0,2.9281,-0.4048,0,0,0,2.7001,-0.9953,0,0,0,0,0,0,0,0,0,0,0,0,1.3135,0,0,0,0,1.3135,0,0.002,3.9184,0.0078,-3.5737,-0.034,0,2.7338,-1.0388,0,3.0729,-0.4107,0,0,0,2.6186,-0.9927,0,0,0,-0.0048,0,0,0,0,0,0,,
99,1,1,0.0202,6,6.30E+07,8000,898672.5625,0,0,0.7519,3.2,0.4863,6.58,6.58,0,0,0,0,-20,-20,20,20,5,0.2582,0.0202,1.3512,1.3512,1.3842,0,0,0,0.1394,1.3686,0.1019,0.0783,4.9839,-0.152,-4.4656,0.1118,-0.0009,2.9017,-1.0743,-0.0695,3.1379,-0.4259,0,0,0,2.7969,-1.0395,0,-0.0006,-0.0027,-0.0139,-0.0008,0.0002,0.0005,-0.0085,0.0037,0.0081,0.2391,0.0049,1.3032,0,0,0,0.1247,1.319,0.0945,0.0206,3.4414,-0.0071,-2.7477,-0.055,0,2.8153,-1.0413,0,2.9281,-0.4048,0,0,0,2.7001,-0.9953,0,0,0,0,0,0,0,0,0,0,0.3419,0.0007,1.3101,0,0,0,0.2265,1.335,0.1696,0.002,4.5851,-0.0607,-3.9945,0.0022,-0.0001,2.7522,-1.0382,0,3.0729,-0.4107,0,0,0,2.5894,-0.9902,0.0021,-0.0002,0,-0.0068,0.0002,0,0,0.009,-0.0004,0,,
100,1,1,0.0037,6,6.30E+07,8000,898672.5625,0,0,0.7519,3.2,0.4863,6.58,6.58,0,0,0,0,-20,-20,20,20,10,0.7402,0.0037,1.3302,1.3302,1.3628,0,0,0,0.498,1.4385,0.3462,0.005,5.83,-0.2216,-5.1655,0.1798,-0.0115,2.9774,-1.0684,-0.0473,3.1379,-0.4259,0,0,0,2.7501,-1.0278,0.0041,-0.0026,-0.0012,-0.0134,0.0005,0.0003,0.0003,0.0053,0.0021,0.0058,0.6007,-0.0012,1.2933,0,0,0,0.367,1.3779,0.2664,-0.0021,4.483,-0.1089,-3.4125,0.0075,0,2.8153,-1.0413,0,2.9281,-0.4048,0,0,0,2.7001,-0.9953,0,0,0,0,0,0,0,0,0,0,0.8004,-0.0106,1.3003,0,0,0,0.5624,1.4195,0.3962,-0.0132,5.6105,-0.1733,-4.7059,0.0758,-0.0026,2.8749,-1.0435,0,3.0729,-0.4107,0,0,0,2.5847,-0.9892,0.0041,0.0037,-0.0003,-0.0074,0.0012,-0.0001,0,0.0178,-0.0008,0,,
101,1,1,-0.0185,6,6.30E+07,8000,898672.5625,0,0,0.7519,3.2,0.4863,6.58,6.58,0,0,0,0,-20,-20,20,20,15,1.2757,-0.0185,1.3071,1.3071,1.3391,0,0,0,0.894,1.5928,0.5613,-0.0145,6.824,-0.3161,-5.8786,0.2407,-0.016,3.1273,-1.071,-0.0345,3.1379,-0.4259,0,0,0,2.6817,-1.0179,0.0077,0.0058,-0.0005,-0.0156,0.0024,0.0004,0.0003,0.0176,0.0009,0.0044,1.0216,-0.0141,1.2771,0,0,0,0.6563,1.498,0.4381,-0.0138,5.4648,-0.2152,-3.8166,0.0529,0,2.8153,-1.0413,0,2.9281,-0.4048,0,0,0,2.7001,-0.9953,0,0,0,0,0,0,0,0,0,0,1.3212,-0.0296,1.2841,0,0,0,0.9438,1.5823,0.5965,-0.0224,6.7195,-0.2955,-5.4542,0.1462,-0.0036,3.0521,-1.0529,0,3.0729,-0.4107,0,0,0,2.5447,-0.9864,0.0062,0.0181,-0.0012,-0.0099,0.0031,-0.0002,0,0.0272,-0.0014,0,,
102,1,1,-0.0515,6,6.30E+07,8000,898672.5625,0,0,0.7519,3.2,0.4863,6.58,6.58,0,0,0,0,-20,-20,20,20,20,1.9314,-0.0515,1.2835,1.2835,1.3146,0,0,0,1.3759,1.8666,0.7371,-0.0267,7.921,-0.4151,-6.7078,0.326,-0.0178,3.3935,-1.0831,-0.0269,3.1379,-0.4259,0,0,0,2.619,-1.0114,0.0119,0.0403,-0.0019,-0.0189,0.0021,0.0007,0.0002,0.0286,0.0001,0.004,1.5546,-0.0388,1.2552,0,0,0,1.0316,1.7112,0.6028,-0.025,6.5313,-0.3368,-4.2744,0.1069,0,2.8153,-1.0413,0,2.9281,-0.4048,0,0,0,2.7001,-0.9953,0,0,0,0,0,0,0,0,0,0,1.9733,-0.0622,1.2622,0,0,0,1.4226,1.861,0.7644,-0.0315,7.9831,-0.437,-6.2592,0.2271,-0.0016,3.3346,-1.0698,0,3.0729,-0.4107,0,0,0,2.4914,-0.9826,0.0088,0.0581,-0.0038,-0.013,0.0025,-0.0002,0,0.0374,-0.0021,0,,
103,1,1,-0.0909,6,6.30E+07,8000,898672.5625,0,0,0.7519,3.2,0.4863,6.58,6.58,0,0,0,0,-20,-20,20,20,25,2.6583,-0.0909,1.2629,1.2629,1.2929,0,0,0,1.8755,2.268,0.8269,-0.0342,8.4899,-0.4423,-7.4641,0.4251,-0.0272,3.768,-1.1002,-0.0129,3.1379,-0.4259,0,0,0,2.5792,-1.0108,0.0167,0.0689,-0.0023,-0.0235,0.0044,0.0012,0,0.038,0.0001,0.0053,2.1616,-0.0729,1.2282,0,0,0,1.44,2.0266,0.7105,-0.0337,7.2591,-0.4373,-4.6379,0.1565,0,2.8153,-1.0413,0,2.9281,-0.4048,0,0,0,2.7001,-0.9953,0,0,0,0,0,0,0,0,0,0,2.7146,-0.1058,1.2352,0,0,0,1.9383,2.2667,0.8551,-0.039,8.9104,-0.5582,-6.8938,0.3004,-0.0024,3.7395,-1.0959,0,3.0729,-0.4107,0,0,0,2.4309,-0.978,0.0113,0.0998,-0.0067,-0.0161,0.0044,-0.0003,0,0.0498,-0.003,0,,
104,1,1,-0.1287,6,6.30E+07,8000,898672.5625,0,0,0.7519,3.2,0.4863,6.58,6.58,0,0,0,0,-20,-20,20,20,30,3.4132,-0.1287,1.2582,1.2582,1.2869,0,0,0,2.3268,2.7962,0.8321,-0.0377,8.8103,-0.4233,-8.2042,0.5359,-0.0429,4.0271,-1.0645,0.1081,3.1379,-0.4259,0,0,0,2.4911,-1.0024,0.0186,0.145,-0.0132,-0.0266,0.0082,0.0022,-0.001,0.0427,0.0016,0.0095,2.8216,-0.1151,1.1969,0,0,0,1.8451,2.4474,0.7539,-0.0408,7.8677,-0.5309,-4.8891,0.1995,0,2.8153,-1.0413,0,2.9281,-0.4048,0,0,0,2.7001,-0.9953,0,0,0,0,0,0,0,0,0,0,3.5286,-0.1596,1.2039,0,0,0,2.4539,2.8069,0.8742,-0.0452,9.7437,-0.6741,-7.4383,0.3688,-0.006,4.2663,-1.1323,0,3.0729,-0.4107,0,0,0,2.3556,-0.9723,0.0133,0.1422,-0.0101,-0.02,0.0061,-0.0004,0,0.0636,-0.004,0,,
105,1,1,0.2116,8,1.50E+07,20000,247898.8281,0,0,0.7519,3.2,0.4863,6.58,6.58,0,0,0,0,-20,-20,20,20,-30,-3.5115,0.2116,1.3686,1.3686,1.3847,0,0,0,-2.3568,2.9411,-0.8013,-0.0602,9.1351,-0.5985,-7.9313,0.5961,0.0474,4.4394,-1.1694,-0.3793,2.6974,-0.365,0,0,0,2.0928,-0.8792,-0.021,-0.2177,0.0268,-0.0346,-0.0045,0.0047,0.0009,-0.0909,0.0119,0.0177,-2.6423,0.1271,1.2567,0,0,0,-1.66,2.4095,-0.6889,-0.0481,7.6822,-0.5433,-4.5785,0.2203,0,2.4422,-0.9106,0,2.4876,-0.3439,0,0,0,2.356,-0.8761,0,0,0,0,0,0,0,0,0,0,-3.289,0.1548,1.263,0,0,0,-2.2169,2.7383,-0.8096,-0.0471,9.428,-0.6418,-6.8363,0.3267,0.0149,3.6241,-0.9609,0,2.6324,-0.3498,0,0,0,2.0248,-0.8603,-0.0134,-0.1053,0.0059,-0.0202,-0.0025,0.0001,0,-0.0529,0.0023,0,,
106,1,1,0.1631,8,1.50E+07,20000,247898.8281,0,0,0.7519,3.2,0.4863,6.58,6.58,0,0,0,0,-20,-20,20,20,-25,-2.7463,0.1631,1.407,1.407,1.4238,0,0,0,-1.8944,2.4358,-0.7777,-0.0594,8.4025,-0.5124,-7.5046,0.5133,0.0366,3.9592,-1.1385,-0.3817,2.6974,-0.365,0,0,0,2.2505,-0.912,-0.0258,-0.1218,0.0047,-0.0357,-0.0066,0.0035,0.0016,-0.086,0.0124,0.0207,-2.0013,0.0836,1.2849,0,0,0,-1.2708,2.0103,-0.6321,-0.0418,7.0091,-0.454,-4.2941,0.1794,0,2.4422,-0.9106,0,2.4876,-0.3439,0,0,0,2.356,-0.8761,0,0,0,0,0,0,0,0,0,0,-2.5027,0.1034,1.2912,0,0,0,-1.7225,2.2279,-0.7731,-0.0413,8.5928,-0.5372,-6.5602,0.2794,0.004,3.1408,-0.9376,0,2.6324,-0.3498,0,0,0,2.065,-0.8632,-0.0119,-0.0936,0.0047,-0.0181,-0.0031,0.0001,0,-0.0417,0.0017,0,,
107,1,1,0.1221,8,1.50E+07,20000,247898.8281,0,0,0.7519,3.2,0.4863,6.58,6.58,0,0,0,0,-20,-20,20,20,-20,-2.045,0.1221,1.4375,1.4375,1.455,0,0,0,-1.43,2.0502,-0.6975,-0.0597,7.5909,-0.4268,-6.7976,0.4345,0.035,3.5088,-1.0937,-0.3349,2.6974,-0.365,0,0,0,2.3512,-0.926,-0.0264,-0.0144,-0.012,-0.0304,-0.0067,0.0025,0.0019,-0.0784,0.0124,0.0222,-1.4189,0.0479,1.3092,0,0,0,-0.8856,1.7156,-0.5162,-0.0337,6.2337,-0.3585,-3.9016,0.1318,0,2.4422,-0.9106,0,2.4876,-0.3439,0,0,0,2.356,-0.8761,0,0,0,0,0,0,0,0,0,0,-1.7892,0.061,1.3156,0,0,0,-1.2314,1.8482,-0.6662,-0.0341,7.6431,-0.4261,-5.9032,0.2133,0.0042,2.7936,-0.9224,0,2.6324,-0.3498,0,0,0,2.1265,-0.8667,-0.009,-0.0506,0.0025,-0.0145,-0.0026,0.0001,0,-0.031,0.0011,0,,
108,1,1,0.0886,8,1.50E+07,20000,247898.8281,0,0,0.7519,3.2,0.4863,6.58,6.58,0,0,0,0,-20,-20,20,20,-15,-1.4214,0.0886,1.4564,1.4564,1.4744,0,0,0,-0.996,1.7747,-0.5612,-0.0623,6.6278,-0.3526,-5.9101,0.3467,0.0282,3.165,-1.0569,-0.2847,2.6974,-0.365,0,0,0,2.43,-0.9347,-0.0242,0.0241,-0.0164,-0.0256,-0.0027,0.0009,0,-0.0646,0.0106,0.0202,-0.9132,0.021,1.329,0,0,0,-0.5381,1.5201,-0.354,-0.023,5.2278,-0.2493,-3.4124,0.0788,0,2.4422,-0.9106,0,2.4876,-0.3439,0,0,0,2.356,-0.8761,0,0,0,0,0,0,0,0,0,0,-1.1686,0.029,1.3354,0,0,0,-0.7832,1.5923,-0.4919,-0.0248,6.4398,-0.301,-5.068,0.1399,0.0014,2.5599,-0.9135,0,2.6324,-0.3498,0,0,0,2.1808,-0.8696,-0.0064,-0.0278,0.0012,-0.0112,-0.0026,0.0001,0,-0.0218,0.0007,0,,
109,1,1,0.0606,8,1.50E+07,20000,247898.8281,0,0,0.7519,3.2,0.4863,6.58,6.58,0,0,0,0,-20,-20,20,20,-10,-0.8881,0.0606,1.4575,1.4575,1.4758,0,0,0,-0.6215,1.5896,-0.391,-0.0682,5.5303,-0.2793,-4.9969,0.2838,0.0132,2.9786,-1.0395,-0.2572,2.6974,-0.365,0,0,0,2.5793,-0.9557,-0.0142,-0.0133,-0.0043,-0.0232,-0.0023,0.0006,0.0004,-0.0513,0.009,0.0179,-0.5064,0.0043,1.3436,0,0,0,-0.2654,1.4111,-0.1881,-0.0086,4.0434,-0.1317,-2.8781,0.0252,0,2.4422,-0.9106,0,2.4876,-0.3439,0,0,0,2.356,-0.8761,0,0,0,0,0,0,0,0,0,0,-0.6651,0.0085,1.3499,0,0,0,-0.4206,1.4449,-0.2911,-0.0128,5.0845,-0.1691,-4.0714,0.0643,0.0013,2.4348,-0.9097,0,2.6324,-0.3498,0,0,0,2.237,-0.8722,-0.0038,-0.0071,0.0003,-0.0076,-0.0014,0.0001,0,-0.0135,0.0004,0,,
110,1,1,0.0399,8,1.50E+07,20000,247898.8281,0,0,0.7519,3.2,0.4863,6.58,6.58,0,0,0,0,-20,-20,20,20,-5,-0.456,0.0399,1.4441,1.4441,1.4626,0,0,0,-0.3284,1.4784,-0.2222,-0.0874,4.425,-0.1947,-4.1356,0.1793,0.0007,2.7532,-1.001,-0.1851,2.6974,-0.365,0,0,0,2.5916,-0.9542,-0.0093,-0.0021,-0.0046,-0.0187,-0.0027,0.0004,0.0008,-0.0393,0.0076,0.0156,-0.2074,-0.002,1.3525,0,0,0,-0.0888,1.3654,-0.065,0.0096,2.9014,-0.0249,-2.3817,-0.0217,0,2.4422,-0.9106,0,2.4876,-0.3439,0,0,0,2.356,-0.8761,0,0,0,0,0,0,0,0,0,0,-0.2811,-0.0005,1.3588,0,0,0,-0.1616,1.3782,-0.1172,0.0018,3.8104,-0.0488,-3.3776,0.0035,-0.0003,2.3638,-0.9085,0,2.6324,-0.3498,0,0,0,2.256,-0.8736,-0.0018,-0.001,0,-0.0061,-0.0011,0,0,-0.0065,0.0001,0,,
111,1,1,0.0266,8,1.50E+07,20000,247898.8281,0,0,0.7519,3.2,0.4863,6.58,6.58,0,0,0,0,-20,-20,20,20,0,-0.1157,0.0266,1.4191,1.4191,1.4377,0,0,0,-0.1157,1.4191,-0.0815,-0.2299,3.8141,-0.1312,-3.6838,0.1201,0,2.6162,-0.9695,-0.1197,2.6974,-0.365,0,0,0,2.5538,-0.9406,-0.0043,0,-0.0034,-0.0133,-0.0013,0.0003,0.0006,-0.0237,0.0054,0.0113,0,0,1.3555,0,0,0,0,1.3555,0,0.0096,2.3771,0.0227,-2.2933,-0.0303,0,2.4422,-0.9106,0,2.4876,-0.3439,0,0,0,2.356,-0.8761,0,0,0,0,0,0,0,0,0,0,0,0,1.3618,0,0,0,0,1.3618,0,0.0018,3.221,0.0058,-3.0716,-0.0211,0,2.3652,-0.91,0,2.6324,-0.3498,0,0,0,2.279,-0.8755,0,0,0,-0.0045,0,0,0,0,0,0,,
112,1,1,0.017,8,1.50E+07,20000,247898.8281,0,0,0.7519,3.2,0.4863,6.58,6.58,0,0,0,0,-20,-20,20,20,5,0.2096,0.017,1.3949,1.3949,1.4134,0,0,0,0.0873,1.4079,0.062,0.0809,4.194,-0.1357,-3.8304,0.1076,-0.0003,2.5272,-0.9447,-0.0721,2.6974,-0.365,0,0,0,2.4561,-0.9205,-0.0002,0.0007,-0.0027,-0.013,0.0002,0.0002,0.0004,-0.0083,0.0032,0.007,0.2074,0.002,1.3525,0,0,0,0.0888,1.3654,0.065,0.0096,2.9014,-0.0249,-2.3817,-0.0217,0,2.4422,-0.9106,0,2.4876,-0.3439,0,0,0,2.356,-0.8761,0,0,0,0,0,0,0,0,0,0,0.2811,0.0005,1.3588,0,0,0,0.1616,1.3782,0.1172,0.0018,3.8104,-0.0488,-3.3776,0.0035,0.0003,2.3753,-0.9087,0,2.6324,-0.3498,0,0,0,2.256,-0.8736,0.0018,0.001,0,-0.0061,0.0011,0,0,0.0065,-0.0001,0,,
113,1,1,0.0029,8,1.50E+07,20000,247898.8281,0,0,0.7519,3.2,0.4863,6.58,6.58,0,0,0,0,-20,-20,20,20,10,0.6163,0.0029,1.3751,1.3751,1.3934,0,0,0,0.3682,1.4613,0.252,0.0047,5.2849,-0.2127,-4.4775,0.1549,-0.009,2.5566,-0.9338,-0.0464,2.6974,-0.365,0,0,0,2.3856,-0.9064,0.0041,0,-0.0009,-0.0132,0.0005,0.0003,0.0004,0.0025,0.0022,0.0052,0.5064,-0.0043,1.3436,0,0,0,0.2654,1.4111,0.1881,-0.0086,4.0434,-0.1317,-2.8781,0.0252,0,2.4422,-0.9106,0,2.4876,-0.3439,0,0,0,2.356,-0.8761,0,0,0,0,0,0,0,0,0,0,0.6651,-0.0085,1.3499,0,0,0,0.4206,1.4449,0.2911,-0.0128,5.0845,-0.1691,-4.0714,0.0643,-0.0013,2.4585,-0.9103,0,2.6324,-0.3498,0,0,0,2.237,-0.8722,0.0038,0.0071,-0.0003,-0.0076,0.0014,-0.0001,0,0.0135,-0.0004,0,,
114,1,1,-0.0202,8,1.50E+07,20000,247898.8281,0,0,0.7519,3.2,0.4863,6.58,6.58,0,0,0,0,-20,-20,20,20,15,1.1321,-0.0202,1.3547,1.3547,1.3726,0,0,0,0.7429,1.6015,0.4639,-0.0178,6.5205,-0.3163,-5.4342,0.2201,-0.0128,2.6664,-0.9313,-0.0328,2.6974,-0.365,0,0,0,2.2997,-0.8963,0.0083,0.0126,0.0003,-0.0164,0.0017,0.0005,0.0005,0.0134,0.0013,0.004,0.9132,-0.021,1.329,0,0,0,0.5381,1.5201,0.354,-0.023,5.2278,-0.2493,-3.4124,0.0788,0,2.4422,-0.9106,0,2.4876,-0.3439,0,0,0,2.356,-0.8761,0,0,0,0,0,0,0,0,0,0,1.1686,-0.029,1.3354,0,0,0,0.7832,1.5923,0.4919,-0.0248,6.4398,-0.301,-5.0681,0.1399,-0.0014,2.5966,-0.9146,0,2.6324,-0.3498,0,0,0,2.1808,-0.8696,0.0064,0.0278,-0.0012,-0.0112,0.0026,-0.0001,0,0.0218,-0.0007,0,,
115,1,1,-0.0523,8,1.50E+07,20000,247898.8281,0,0,0.7519,3.2,0.4863,6.58,6.58,0,0,0,0,-20,-20,20,20,20,1.7545,-0.0523,1.334,1.334,1.3515,0,0,0,1.1924,1.8536,0.6433,-0.0298,7.5651,-0.4015,-6.2981,0.2982,-0.0209,2.9007,-0.9371,-0.0262,2.6974,-0.365,0,0,0,2.2415,-0.8919,0.0126,0.0243,0.0015,-0.0201,0.0019,0.0007,0.0004,0.023,0.0009,0.0037,1.4189,-0.0479,1.3092,0,0,0,0.8856,1.7156,0.5162,-0.0337,6.2337,-0.3585,-3.9016,0.1318,0,2.4422,-0.9106,0,2.4876,-0.3439,0,0,0,2.356,-0.8761,0,0,0,0,0,0,0,0,0,0,1.7892,-0.061,1.3156,0,0,0,1.2314,1.8482,0.6662,-0.0341,7.6431,-0.4261,-5.9032,0.2133,-0.0042,2.8447,-0.9242,0,2.6324,-0.3498,0,0,0,2.1265,-0.8667,0.009,0.0506,-0.0025,-0.0145,0.0026,-0.0001,0,0.0309,-0.0011,0,,
116,1,1,-0.0903,8,1.50E+07,20000,247898.8281,0,0,0.7519,3.2,0.4863,6.58,6.58,0,0,0,0,-20,-20,20,20,25,2.4526,-0.0903,1.3168,1.3168,1.3336,0,0,0,1.6663,2.2299,0.7472,-0.0368,8.1277,-0.4121,-7.062,0.3865,-0.0281,3.2428,-0.9466,-0.0158,2.6974,-0.365,0,0,0,2.2084,-0.894,0.0183,0.0492,0.0028,-0.0253,0.0028,0.0012,0.0002,0.031,0.0011,0.005,2.0013,-0.0836,1.2849,0,0,0,1.2708,2.0103,0.6321,-0.0418,7.0091,-0.454,-4.2941,0.1794,0,2.4422,-0.9106,0,2.4876,-0.3439,0,0,0,2.356,-0.8761,0,0,0,0,0,0,0,0,0,0,2.5027,-0.1034,1.2912,0,0,0,1.7225,2.2279,0.7731,-0.0413,8.5928,-0.5372,-6.5602,0.2794,-0.004,3.2089,-0.9402,0,2.6324,-0.3498,0,0,0,2.065,-0.8632,0.0119,0.0936,-0.0047,-0.0181,0.0031,-0.0001,0,0.0417,-0.0017,0,,
117,1,1,-0.1242,8,1.50E+07,20000,247898.8281,0,0,0.7519,3.2,0.4863,6.58,6.58,0,0,0,0,-20,-20,20,20,30,3.1731,-0.1242,1.3191,1.3191,1.3352,0,0,0,2.0884,2.7289,0.7653,-0.0391,8.3848,-0.3662,-7.5466,0.4782,-0.0524,3.5554,-0.9196,0.0733,2.6974,-0.365,0,0,0,2.204,-0.8988,0.0222,0.0647,0.0005,-0.0286,0.0067,0.0019,-0.0019,0.0397,0.0012,0.0061,2.6423,-0.1271,1.2567,0,0,0,1.66,2.4095,0.6889,-0.0481,7.6822,-0.5433,-4.5785,0.2203,0,2.4422,-0.9106,0,2.4876,-0.3439,0,0,0,2.356,-0.8761,0,0,0,0,0,0,0,0,0,0,3.289,-0.1548,1.263,0,0,0,2.2169,2.7383,0.8096,-0.0471,9.428,-0.6418,-6.8364,0.3267,-0.0149,3.7129,-0.9646,0,2.6324,-0.3498,0,0,0,2.0248,-0.8603,0.0134,0.1053,-0.0059,-0.0202,0.0025,-0.0001,0,0.0529,-0.0023,0,,
118,1,1,0.1935,10,2.30E+08,3,7090189.5,0,0,0.7519,3.2,0.4863,6.58,6.58,0,0,0,0,-20,-20,20,20,-30,-3.4298,0.1935,1.3923,1.3923,1.4026,0,0,0,-2.2741,2.9206,-0.7786,-0.0564,8.7406,-0.5559,-7.3365,0.4353,0.0192,4.2526,-1.1067,-0.3625,2.6538,-0.359,0,0,0,2.0459,-0.8465,-0.0198,-0.1959,0.0246,-0.0337,-0.0057,0.0045,0.0009,-0.0873,0.0106,0.0167,-2.6242,0.1201,1.2883,0,0,0,-1.6284,2.4278,-0.6708,-0.0458,7.6634,-0.5361,-4.547,0.2082,0,2.3592,-0.874,0,2.4441,-0.3379,0,0,0,2.2729,-0.8394,0,0,0,0,0,0,0,0,0,0,-3.2207,0.1405,1.2921,0,0,0,-2.1432,2.7294,-0.7852,-0.0436,9.0558,-0.604,-6.7172,0.2908,0.0192,3.4873,-0.9123,0,2.5889,-0.3438,0,0,0,1.9782,-0.828,-0.0128,-0.0869,0.0042,-0.0202,-0.0037,0.0001,0,-0.052,0.0018,0,,
119,1,1,0.1479,10,2.30E+08,3,7090189.5,0,0,0.7519,3.2,0.4863,6.58,6.58,0,0,0,0,-20,-20,20,20,-25,-2.6886,0.1479,1.4284,1.4284,1.4392,0,0,0,-1.8331,2.4309,-0.7541,-0.055,8.2452,-0.4888,-7.0321,0.3954,0.0091,3.8433,-1.0853,-0.3704,2.6538,-0.359,0,0,0,2.2056,-0.8793,-0.0243,-0.1015,0.0043,-0.0346,-0.0043,0.0029,0.0009,-0.0799,0.0106,0.0184,-1.985,0.0773,1.3144,0,0,0,-1.2436,2.0302,-0.6126,-0.039,6.9838,-0.4442,-4.2593,0.1661,0,2.3592,-0.874,0,2.4441,-0.3379,0,0,0,2.2729,-0.8394,0,0,0,0,0,0,0,0,0,0,-2.4589,0.0921,1.3182,0,0,0,-1.6714,2.2339,-0.7482,-0.0374,8.4045,-0.506,-6.3647,0.2407,0.0107,3.0631,-0.8954,0,2.5889,-0.3438,0,0,0,2.0161,-0.8302,-0.0112,-0.0691,0.0031,-0.0177,-0.0024,0.0001,0,-0.0412,0.0013,0,,
120,1,1,0.1082,10,2.30E+08,3,7090189.5,0,0,0.7519,3.2,0.4863,6.58,6.58,0,0,0,0,-20,-20,20,20,-20,-1.9907,0.1082,1.4547,1.4547,1.4659,0,0,0,-1.3731,2.0478,-0.6705,-0.0543,7.6481,-0.4293,-6.5046,0.3279,-0.0003,3.3811,-1.0445,-0.3207,2.6538,-0.359,0,0,0,2.2401,-0.8791,-0.0194,-0.0939,0.005,-0.0301,0.0072,-0.0007,-0.0047,-0.0374,0.0034,0.0031,-1.4052,0.0426,1.3369,0,0,0,-0.8632,1.7369,-0.497,-0.0303,6.2023,-0.3465,-3.8638,0.1173,0,2.3592,-0.874,0,2.4441,-0.3379,0,0,0,2.2729,-0.8394,0,0,0,0,0,0,0,0,0,0,-1.7538,0.0522,1.3407,0,0,0,-1.1895,1.8597,-0.6396,-0.0297,7.5733,-0.3991,-5.8713,0.1818,0.0022,2.7078,-0.883,0,2.5889,-0.3438,0,0,0,2.0564,-0.8324,-0.0091,-0.0573,0.0022,-0.0153,-0.0027,0.0001,0,-0.0308,0.0009,0,,
121,1,1,0.073,10,2.30E+08,3,7090189.5,0,0,0.7519,3.2,0.4863,6.58,6.58,0,0,0,0,-20,-20,20,20,-15,-1.3537,0.073,1.4638,1.4638,1.4753,0,0,0,-0.9288,1.7643,-0.5264,-0.0539,6.6875,-0.345,-5.4892,0.2178,0.0005,2.9023,-0.9816,-0.2044,2.6538,-0.359,0,0,0,2.2148,-0.86,-0.0085,-0.1086,0.0164,-0.0203,-0.0046,0.0013,0.0011,-0.0594,0.0094,0.0184,-0.9025,0.0169,1.3552,0,0,0,-0.521,1.5426,-0.3377,-0.0187,5.2288,-0.2384,-3.3723,0.0633,0,2.3592,-0.874,0,2.4441,-0.3379,0,0,0,2.2729,-0.8394,0,0,0,0,0,0,0,0,0,0,-1.137,0.0224,1.359,0,0,0,-0.7465,1.6069,-0.4646,-0.0197,6.4352,-0.2785,-5.0245,0.1105,0.0017,2.4749,-0.8761,0,2.5889,-0.3438,0,0,0,2.1107,-0.8348,-0.0062,-0.0273,0.001,-0.0116,-0.0023,0.0001,0,-0.0209,0.0005,0,,
122,1,1,0.048,10,2.30E+08,3,7090189.5,0,0,0.7519,3.2,0.4863,6.58,6.58,0,0,0,0,-20,-20,20,20,-10,-0.8234,0.048,1.4662,1.4662,1.4779,0,0,0,-0.5563,1.5869,-0.3505,-0.0583,5.2844,-0.215,-4.3883,0.1225,-0.0073,2.6781,-0.9544,-0.1584,2.6538,-0.359,0,0,0,2.3145,-0.8727,-0.0047,-0.0783,0.0126,-0.0161,-0.0013,0.0003,-0.0003,-0.0345,0.0059,0.0105,-0.4925,0.001,1.3686,0,0,0,-0.2474,1.4334,-0.1726,-0.002,4.022,-0.1179,-2.7996,0.006,0,2.3592,-0.874,0,2.4441,-0.3379,0,0,0,2.2729,-0.8394,0,0,0,0,0,0,0,0,0,0,-0.6306,0.0036,1.3724,0,0,0,-0.3827,1.4611,-0.2619,-0.0057,5.0021,-0.1448,-3.9989,0.0352,-0.0003,2.3483,-0.8732,0,2.5889,-0.3438,0,0,0,2.1609,-0.8367,-0.0037,-0.0111,0.0003,-0.0081,-0.0019,0.0001,0,-0.0126,0.0002,0,,
123,1,1,0.0355,10,2.30E+08,3,7090189.5,0,0,0.7519,3.2,0.4863,6.58,6.58,0,0,0,0,-20,-20,20,20,-5,-0.4313,0.0355,1.4626,1.4626,1.4745,0,0,0,-0.3022,1.4946,-0.2022,-0.0822,4.0919,-0.1322,-3.9564,0.1515,0.0021,2.7209,-0.9728,-0.2054,2.6538,-0.359,0,0,0,2.5501,-0.9238,-0.0092,0.0013,-0.0055,-0.0192,0.0019,-0.0005,-0.001,-0.0225,0.0038,0.0082,-0.2004,-0.0037,1.3769,0,0,0,-0.0796,1.3891,-0.0573,0.0185,2.8218,-0.0055,-2.3012,-0.0414,0,2.3592,-0.874,0,2.4441,-0.3379,0,0,0,2.2729,-0.8394,0,0,0,0,0,0,0,0,0,0,-0.2638,-0.0029,1.3807,0,0,0,-0.1425,1.3984,-0.1019,0.0109,3.6124,-0.0205,-3.1891,-0.0255,0,2.2948,-0.8727,0,2.5889,-0.3438,0,0,0,2.1891,-0.838,-0.0016,0,0,-0.0059,-0.0003,0,0,-0.0055,0.0001,0,,
124,1,1,0.0249,10,2.30E+08,3,7090189.5,0,0,0.7519,3.2,0.4863,6.58,6.58,0,0,0,0,-20,-20,20,20,0,-0.1092,0.0249,1.4374,1.4374,1.4493,0,0,0,-0.1092,1.4374,-0.076,-0.2281,3.6081,-0.1012,-3.4562,0.0918,0.0001,2.5556,-0.9337,-0.123,2.6538,-0.359,0,0,0,2.4907,-0.9041,-0.0041,0,-0.0033,-0.0124,-0.001,0.0002,0.0005,-0.0214,0.0048,0.0103,0,0,1.3797,0,0,0,0,1.3797,0,0.0185,2.2964,0.0424,-2.2124,-0.0501,0,2.3592,-0.874,0,2.4441,-0.3379,0,0,0,2.2729,-0.8394,0,0,0,0,0,0,0,0,0,0,0,0,1.3834,0,0,0,0,1.3834,0,0.0109,3.0229,0.033,-2.8512,-0.0467,0,2.3011,-0.8739,0,2.5889,-0.3438,0,0,0,2.2148,-0.8394,0,0,0,-0.0039,0,0,0,0,0,0,,
125,1,1,0.0178,10,2.30E+08,3,7090189.5,0,0,0.7519,3.2,0.4863,6.58,6.58,0,0,0,0,-20,-20,20,20,5,0.1985,0.0178,1.4133,1.4133,1.4252,0,0,0,0.0745,1.4253,0.0523,0.0897,3.989,-0.1051,-3.62,0.0728,-0.0005,2.4534,-0.9079,-0.0717,2.6538,-0.359,0,0,0,2.3823,-0.8828,-0.0002,-0.0001,-0.0025,-0.0123,-0.0008,0.0002,0.0005,-0.0089,0.0032,0.0069,0.2004,0.0037,1.3769,0,0,0,0.0796,1.3891,0.0573,0.0185,2.8218,-0.0055,-2.3012,-0.0414,0,2.3592,-0.874,0,2.4441,-0.3379,0,0,0,2.2729,-0.8394,0,0,0,0,0,0,0,0,0,0,0.2638,0.0029,1.3807,0,0,0,0.1425,1.3984,0.1019,0.0109,3.6124,-0.0205,-3.1891,-0.0255,0,2.3046,-0.8729,0,2.5889,-0.3438,0,0,0,2.1891,-0.838,0.0016,0,0,-0.0059,0.0003,0,0,0.0055,-0.0001,0,,
126,1,1,0.0066,10,2.30E+08,3,7090189.5,0,0,0.7519,3.2,0.4863,6.58,6.58,0,0,0,0,-20,-20,20,20,10,0.5871,0.0066,1.3945,1.3945,1.4062,0,0,0,0.336,1.4752,0.2277,0.0112,5.1909,-0.1856,-4.3774,0.1191,-0.0064,2.4687,-0.897,-0.0473,2.6538,-0.359,0,0,0,2.3035,-0.8692,0.0041,0.0038,-0.0008,-0.0135,0.001,0.0003,0.0004,0.0028,0.002,0.0047,0.4925,-0.001,1.3686,0,0,0,0.2474,1.4334,0.1726,-0.002,4.022,-0.1179,-2.7996,0.006,0,2.3592,-0.874,0,2.4441,-0.3379,0,0,0,2.2729,-0.8394,0,0,0,0,0,0,0,0,0,0,0.6306,-0.0036,1.3724,0,0,0,0.3827,1.4611,0.2619,-0.0057,5.0021,-0.1448,-3.9989,0.0352,0.0003,2.3701,-0.8737,0,2.5889,-0.3438,0,0,0,2.1609,-0.8367,0.0037,0.0111,-0.0003,-0.0081,0.0019,-0.0001,0,0.0126,-0.0002,0,,
127,1,1,-0.0146,10,2.30E+08,3,7090189.5,0,0,0.7519,3.2,0.4863,6.58,6.58,0,0,0,0,-20,-20,20,20,15,1.1046,-0.0146,1.3756,1.3756,1.3871,0,0,0,0.7109,1.6147,0.4403,-0.0132,6.5046,-0.2914,-5.3597,0.1829,-0.0126,2.5799,-0.8935,-0.0333,2.6538,-0.359,0,0,0,2.2238,-0.8598,0.0084,0.0104,0.0009,-0.0166,0.0013,0.0005,0.0005,0.0133,0.0013,0.0037,0.9025,-0.0169,1.3552,0,0,0,0.521,1.5426,0.3377,-0.0187,5.2288,-0.2384,-3.3723,0.0633,0,2.3592,-0.874,0,2.4441,-0.3379,0,0,0,2.2729,-0.8394,0,0,0,0,0,0,0,0,0,0,1.137,-0.0224,1.359,0,0,0,0.7465,1.6069,0.4646,-0.0197,6.4352,-0.2785,-5.0246,0.1105,-0.0017,2.5102,-0.8769,0,2.5889,-0.3438,0,0,0,2.1107,-0.8348,0.0062,0.0273,-0.001,-0.0116,0.0023,-0.0001,0,0.0209,-0.0005,0,,
128,1,1,-0.0443,10,2.30E+08,3,7090189.5,0,0,0.7519,3.2,0.4863,6.58,6.58,0,0,0,0,-20,-20,20,20,20,1.7224,-0.0443,1.3568,1.3568,1.368,0,0,0,1.1545,1.8641,0.6193,-0.0257,7.4907,-0.3743,-6.2141,0.2546,-0.0171,2.8109,-0.8965,-0.0247,2.6538,-0.359,0,0,0,2.1635,-0.8555,0.0131,0.0287,0.0024,-0.0203,0.0021,0.0007,0.0003,0.0238,0.0009,0.0033,1.4052,-0.0426,1.3369,0,0,0,0.8632,1.7369,0.497,-0.0303,6.2023,-0.3465,-3.8638,0.1173,0,2.3592,-0.874,0,2.4441,-0.3379,0,0,0,2.2729,-0.8394,0,0,0,0,0,0,0,0,0,0,1.7538,-0.0522,1.3407,0,0,0,1.1895,1.8597,0.6396,-0.0297,7.5733,-0.3991,-5.8713,0.1818,-0.0022,2.7589,-0.8844,0,2.5889,-0.3438,0,0,0,2.0564,-0.8324,0.0091,0.0573,-0.0022,-0.0153,0.0027,-0.0001,0,0.0308,-0.0009,0,,
129,1,1,-0.0799,10,2.30E+08,3,7090189.5,0,0,0.7519,3.2,0.4863,6.58,6.58,0,0,0,0,-20,-20,20,20,25,2.412,-0.0799,1.3416,1.3416,1.3524,0,0,0,1.6191,2.2353,0.7243,-0.0331,8.0471,-0.4102,-6.8157,0.3355,-0.0339,3.1698,-0.9051,-0.0176,2.6538,-0.359,0,0,0,2.1574,-0.8601,0.0181,0.0221,0.0052,-0.0243,0.0022,0.0012,0.0001,0.0314,0.0012,0.0047,1.985,-0.0773,1.3144,0,0,0,1.2436,2.0302,0.6126,-0.039,6.9838,-0.4442,-4.2593,0.1661,0,2.3592,-0.874,0,2.4441,-0.3379,0,0,0,2.2729,-0.8394,0,0,0,0,0,0,0,0,0,0,2.4589,-0.0921,1.3182,0,0,0,1.6714,2.2339,0.7482,-0.0374,8.4045,-0.506,-6.3647,0.2407,-0.0107,3.1327,-0.8975,0,2.5889,-0.3438,0,0,0,2.0161,-0.8302,0.0112,0.0691,-0.0031,-0.0177,0.0024,-0.0001,0,0.0412,-0.0013,0,,
130,1,1,0,10,2.30E+08,3,7090189.5,0,0,0.7519,3.2,0.4863,6.58,6.58,0,0,0,0,-20,-20,20,20,30,3.1269,-0.1159,1.3377,1.3377,1.348,0,0,0,2.0391,2.7219,0.7491,-0.0371,8.337,-0.414,-7.231,0.3997,-0.0451,3.4654,-0.8831,0.0526,2.6538,-0.359,0,0,0,2.1337,-0.8611,0.0203,0.0597,-0.0004,-0.027,0.0043,0.0023,-0.0003,0.0318,0.0035,0.0096,2.6242,-0.1201,1.2883,0,0,0,1.6284,2.4278,0.6708,-0.0458,7.6634,-0.5361,-4.5471,0.2082,0,2.3592,-0.874,0,2.4441,-0.3379,0,0,0,2.2729,-0.8394,0,0,0,0,0,0,0,0,0,0,3.2207,-0.1405,1.2921,0,0,0,2.1432,2.7294,0.7852,-0.0436,9.0558,-0.604,-6.7172,0.2908,-0.0192,3.5763,-0.9152,0,2.5889,-0.3438,0,0,0,1.9782,-0.828,0.0128,0.0869,-0.0042,-0.0202,0.0037,-0.0001,0,0.052,-0.0018,0,,
